name,sector,founded,amount_raised,headquarters,founders,country
10Club,Ecommerce,2021,$70.00 Mn+,Bengaluru,"Bhavna Suresh Chatambeth, Deepak Nair",India
1K Kirana Bazaar,Ecommerce,2018,$60.99 Mn+,Gurugram,"Abhishek Halder, Anilesh Yadav, Kumar Sangeetesh, Manish Kutaula, Sachin Sharma",India
1MG,Health Tech,2015,$190.40 Mn+,Gurugram,"Akash Deep Singhal, Gaurav Agarwal, Prashant Tandon, Vikas Chauhan",India
ACME Solar,Clean Tech,2003,$676.30 Mn+,Gurugram,Manoj Upadhyay,India
ACT Fibernet,Enterprise Tech,2008,$500.00 Mn+,Bengaluru,Sunder Raju,India
AU Small Finance Bank,Fintech,2017,$542.25 Mn+,Jaipur,Sanjay Agarwal,India
Aadhar Housing Finance,Fintech,2010,$75.00 Mn+,Mumbai,Kapil Wadhawan,India
Aakash Educational Services,Edtech,1988,$490.68 Mn+,New Delhi,"Aakash Chaudhry, J. C. Chaudhry",India
Aavas Financiers,Fintech,2011,$78.54 Mn+,Jaipur,Sushil Kumar Agarwal,India
Absolute,Agritech,2015,$102.26 Mn+,New Delhi,Agam Khare,India
Accion Labs,Enterprise Tech,2011,$93.00 Mn+,Mumbai,"Kinesh Doshi,Sandesh Sukumaran,Tony Kernan",India
Accumax,Health Tech,2003,$68.00 Mn+,Gandhinagar,"Chirag Shah,Tejas Shah",India
Ace Turtle,Enterprise Tech,2014,$48.41 Mn+,Bengaluru,"Berry Singh, Nitin Chhabra",India
Acko,Fintech,2016,$595.00 Mn+,Bengaluru,"Ruchi Deepak, Varun Dua",India
AdOnMo,Enterprise Tech,2017,$50.00 Mn+,Hyderabad,"Sandeep Bommireddi, Sravanth Gajula",India
Adda247,Edtech,2016,$61.00 Mn+,Gurugram,"Anil Nagar, Saurabh Bansal",India
Aequs,Enterprise Services,2006,$81.40 Mn+,Belgaum,Aravind Melligeri,India
Agilitas Sports,Ecommerce,2023,$64.01 Mn+,Bengaluru,"Abhishek Ganguly,Amit Prabhu,Atul Baja",India
Agnikul,Advanced Hardware & Technology,2017,$61.24 Mn+,Chennai,"Moin SPM, Satyanarayanan Chakravarthy, Srinath Ravichandran",India
AgroStar,Agritech,2013,$111.50 Mn+,Pune,"Shardul Sheth, Sitanshu Sheth",India
Aknamed,Enterprise Tech,2018,$56.67 Mn+,Bengaluru,"Mayank Kapoor, Saurabh Pandey, Varun Vohra",India
Alienkind,Foodtech,2024,$1.20 Mn+,Bengaluru,"Vikram Kakkireni,Abhishek Kumar",India
Altigreen,Clean Tech,2013,$41.71 Mn+,Bengaluru,"Amitabh Saran, Lasse Moklegaard, Shalendra Gupta",India
Altum Credo,Fintech,2016,$61.62 Mn+,Pune,"Ashish Tiwari, Ganesh Rao, Vikrant Bhagwat",India
Amagi,Media & Entertainment,2008,$345.20 Mn+,Bengaluru,"Baskar Subramanian, Srinivasan KA, Srividhya Srinivasan",India
Ambit Finvest,Fintech,2006,$49.80 Mn+,Mumbai,Sanjay Agarwal,India
Amicco,Ecommerce,2024,$1.00 Mn+,Gurugram,Vivek Aalok,India
AmpIn Energy Transition,Clean Tech,2016,$438.30 Mn+,New Delhi,Pinaki Bhattacharyya,India
Antithesis,Ecommerce,2024,$584.04K+,New Delhi,Aparna Saxena,India
AppsForBharat,Consumer Services,2020,$37.54 Mn+,Bengaluru,Prashant Sachan,India
Ariisto,Real Estate Tech,2006,$129.00 Mn+,Andheri,Madhur Gupta,India
Arohan Financial,Fintech,2006,$64.05 Mn+,Kolkata,"Shubhankar Sengupta, Vineet Rai",India
Arrivae,Real Estate Tech,2017,$26.19 Mn+,Mumbai,Yash Kela,India
Arva Health,Health Tech,2022,$1.00 Mn+,Bengaluru,"Dipalie Bajaj, Nidhi Panchmal",India
Arvind Internet,Enterprise Tech,1931,$144.60 Mn+,Ahmedabad,"Arvind Narottambhai Lalbhai, Kasturbhai Lalbhai",India
Arya.Ag,Agritech,1982,$118.93 Mn+,Noida,"Prasanna Rao,Anand Chandra,Chattanathan Devarajan",India
Aryaka,Enterprise Tech,2009,$175.00 Mn+,Bengaluru,"Ajit Gupta, Ashwath Nagaraj, Rajeev Bharadhwaj",India
Arzooo,Ecommerce,2018,$84.50 Mn+,Bengaluru,"Khushnud Khan, Rishi Raj Rathore",India
Asirvad Microfinance,Fintech,2007,$53.26 Mn+,Chennai,S V Raja Vaidyanathan,India
AskMyGuru,Consumer Services,2024,$1.20 Mn+,Bengaluru,"Krishna Mohan Vedula,Vivek Sadamate",India
Ather Energy,Clean Tech,2013,$630.91 Mn+,Bengaluru,"Swapnil Jain, Tarun Mehta",India
Atomberg Technology,Ecommerce,2012,$126.49 Mn+,Navi Mumbai,"Manoj Meena, Sibabrata Das",India
Attero,Clean Tech,2008,$37.40 Mn+,Noida,Nitin Gupta,India
AutoGrid,Enterprise Tech,2011,$161.00 Mn+,Bengaluru,Amit Narayan,India
Auxilo,Fintech,2017,$81.09 Mn+,Mumbai,Malala Yousafzai,India
Avail Finance,Fintech,2017,$40.95 Mn+,Bengaluru,"Ankush Aggarwal, Tushar Mehndiratta",India
Avanse Financial Services,Fintech,2013,$332.09 Mn+,Mumbai,Amit Gainda,India
Avanti Finance,Fintech,2017,$81.23 Mn+,Bengaluru,"Nandan Nilekani, Ratan Tata",India
Avataar,AI,2014,$52.00 Mn+,Bengaluru,"Gaurav Baid, Mayank Tiwari, Prashanth Aluru, Sravanth Aluru",India
Avendus Wealth Management,,1999,$151.46 Mn+,Mumbai,,India
Avi Networks,Enterprise Tech,2012,$93.00 Mn+,Bengaluru,"Murali Basavaiah,Ranga Rajagopalan",India
Aviom India Housing Finance,Fintech,2016,$68.77 Mn+,New Delhi,"Kajal Ilmi,Samir Malik",India
Awfis,Real Estate Tech,2015,$134.61 Mn+,New Delhi,Amit Ramani,India
Awign,Consumer Services,2016,$44.96 Mn+,Bengaluru,"Annanya Sarthak, Gurpreet Singh, Praveen Sah",India
Axis Bank,,1994,$1.81 Bn+,Mumbai,,India
Ayana Renewable Power,Clean Tech,2017,$720.00 Mn+,Bengaluru,Shivanand Nimbargi,India
Aye Finance,Fintech,2014,$498.33 Mn+,Gurugram,"Sanjay Sharma, Vikram Jetley",India
Ayu Health,Health Tech,2019,$38.30 Mn+,Bengaluru,"Arjit Gupta, Himesh Joshi, Karan Gupta",India
BUGWORKS Research,Health Tech,2014,$42.89 Mn+,Bengaluru,"Anand Anandkumar, Bala Subramanian",India
BYJU'S,Edtech,2011,$5.97 Bn+,Bengaluru,"Byju Raveendran, Divya Gokulnath",India
Bacca Bucci,Ecommerce,2012,$2.50 Mn+,New Delhi,"Anuj Nevatia, Natwar Agrawal",India
Bachatt,Fintech,2024,$4.00 Mn+,New Delhi,"Ankur Jhavery, Anugrah Jain",India
BankBazaar,Fintech,2008,$127.00 Mn+,Chennai,"Adhil Shetty, Arjun Shetty, Rati Shetty",India
Battery Smart,Clean Tech,2019,$139.09 Mn+,Gurugram,"Pulkit Khurana, Siddharth Sikka",India
BeastLife,Ecommerce,2024,$222.52K+,Gurugram,"Gaurav Taneja, Raj Gupta",India
Beat22,Media & Entertainment,2019,,Gurugram,Kanav Singh Mehra,India
BeatO,Health Tech,2015,$47.60 Mn+,New Delhi,"Abhishek Kumar, Gautam Chopra, Kunal Kinalekar, Yash Sehgal",India
Better Nutrition,Ecommerce,2023,$1.16 Mn+,Lucknow,"Aishwarya Bhatnagar, Prateek Rastogi",India
BetterPlace,Enterprise Tech,2015,$90.09 Mn+,Bengaluru,"Pravin Agarwala, Saurabh Tandon",India
Bewakoof,Ecommerce,2012,$49.43 Mn+,Bengaluru,"Prabhkiran Singh, Shakeef Khan",India
Bhagva,Consumer Services,2022,$1.00 Mn+,New Delhi,Jagriti Motwani,India
BharatPe,Fintech,2018,$846.89 Mn+,Gurugram,"Ashneer seth Grover, Bhavik Koladiya, Shashvat Nakrani",India
BigBasket,Consumer Services,2011,$1.51 Bn+,Bengaluru,"Abhinay Choudhari, Hari Menon, Vipul Parekh, VS Ramesh, VS Sudhakar",India
Bijnis,Enterprise Tech,2015,$43.43 Mn+,New Delhi,"Chaitanya Rathi, Shubham Agarwal, Siddharth Rastogi, Siddharth Vij",India
Bike Bazaar,Ecommerce,2017,$104.59 Mn+,Pune,"Karunakaran Vadakkepat,Srinivas Kantheti",India
BillDesk,Fintech,2000,$307.50 Mn+,Mumbai,"Ajay Kaushal, Karthik Ganapathy, Srinivasu (Vasu) MN",India
Biorad Medisys,Health Tech,2007,$55.29 Mn+,Pune,"Suchitra Hegde, J M Hegde",India
Bira 91,Ecommerce,2015,$252.73 Mn+,New Delhi,Ankur Jain,India
Biryani Blues,Foodtech,2011,$12.00 Mn+,Gurugram,"Aparna Andrews,Raymond Andrews",India
Biryani By Kilo,Foodtech,2015,$53.24 Mn+,Gurugram,"Kaushik Roy, Ritesh Sinha, Vishal Jindal",India
Bizongo,Enterprise Tech,2015,$314.11 Mn+,Mumbai,"Aniket Deb, Ankit Tomar, Sachin Agrawal",India
BlackBuck,Enterprise Tech,2015,$381.14 Mn+,Bengaluru,"Chanakya Hridaya, Rajesh Yabaji, Ramasubramaniam B",India
Blaize,Advanced Hardware & Technology,2010,$242.00 Mn+,Hyderabad,"Dinakar Munagala, Ke Yin, Satyaki Koneru, Val Cook",India
Blinkit,Consumer Services,2013,$784.14 Mn+,Gurugram,"Albinder Dhindsa, Saurabh Kumar",India
BluSmart,Travel Tech,2019,$182.05 Mn+,Gurugram,"Anmol Jaggi, Puneet Jaggi, Punit Goyal",India
Blue Tokai Coffee Roasters,Ecommerce,2013,$72.09 Mn+,Gurugram,"Matt Chitharanjan, Namrata Asthana, Shivam Shahi",India
BlueStone,Ecommerce,2011,$224.01 Mn+,Bengaluru,Gaurav Kushwaha,India
Bobble AI,Media & Entertainment,2015,$51.92 Mn+,Gurugram,"Ankit Prasad, Mohd Wassem, Rahul Prasad",India
Bombay Shaving Company,Ecommerce,2015,$48.77 Mn+,Gurugram,"Deepu Panicker, Raunak Munot, Rohit Jaiswal, Shantanu Deshpande",India
BookMyShow,Media & Entertainment,2007,$224.50 Mn+,Mumbai,"Ashish Hemrajani, Parikshit Dar, Rajesh Balpande",India
Borzo,Logistics,2012,$55.05 Mn+,Mumbai,"Aleks Shamis, Dmitry Zubkov, Mike Alexandrovski",India
Bounce,Clean Tech,2014,$234.16 Mn+,Bengaluru,"Anil G, Varun Agni, Vivekananda Hallekere",India
Bower School of Entrepreneurship,Edtech,2024,$1.33 Mn+,Hyderabad,Pavan Allena,India
Bright Money,Fintech,2019,$93.00 Mn+,Bengaluru,"Alexander Seyfert, Amit Bendale, Avi Patchava, Avinash Ramakanth, Petko Plachkov, Varun Modi",India
BrightChamps,Edtech,2020,$63.00 Mn+,Hyderabad,"Ravi Bhushan Kumar,Sitakanta Ray",India
Broadway,Ecommerce,2023,,Mumbai,"Vivek Biyani,Rana Daggubati,Anuj Kejriwal,Apurva Salarpuria",India
Brookfield India,Fintech,2021,$415.28 Mn+,Gurugram,Alok Aggrawal,India
BrowserStack,Enterprise Tech,2011,$250.00 Mn+,Mumbai,"Nakul Aggarwal, Ritesh Arora",India
Builder.ai,Enterprise Tech,2012,$379.50 Mn+,Gurugram,"Sachin Dev Duggal, Saurabh Dhoot",India
CASHe,Fintech,2016,$25.71 Mn+,Mumbai,V. Raman Kumar,India
CRED,Fintech,2018,$921.56 Mn+,Bengaluru,Kunal Shah,India
CallHealth,Health Tech,2015,$44.62 Mn+,Hyderabad,Sandhya Raju,India
Canpac Trends,Logistics,2011,$49.10 Mn+,Ahmedabad,Nilesh Todi,India
Capillary Technologies,Enterprise Tech,2012,$241.50 Mn+,Bengaluru,"Ajay Modani, Aneesh Reddy, Krishna Mehra",India
Capital Float,Fintech,2013,$233.45 Mn+,Bengaluru,"Gaurav Hinduja, Sashank Rishyasringa",India
Captain Fresh,Ecommerce,2019,$244.54 Mn+,Bengaluru,Utham Gowda,India
Capture Solar Energy Limited,Clean Tech,2013,$125.00 Mn+,Pune,Raju Shivaji Bhosale,India
CarDekho,Ecommerce,2008,$692.10 Mn+,Jaipur,"Amit Jain, Anurag Jain",India
CarTrade,Ecommerce,2006,$310.81 Mn+,Mumbai,Vinay Sanghi,India
Caratlane,Ecommerce,2008,$65.20 Mn+,Chennai,"Avnish Anand, Gurukeerthi Gurunathan, Mithun Sacheti, Srinivasa Gopalan",India
Cars24,Ecommerce,2015,$1.30 Bn+,Gurugram,"Gajendra Jangid, Mehul Agrawal, Ruchit Agarwal, Vikram Chopra",India
Cashfree Payments,Fintech,2015,$94.04 Mn+,Bengaluru,"Akash Sinha, Reeju Datta",India
Cashify,Ecommerce,2009,$222.51 Mn+,Gurugram,"Amit Sethi, Mandeep Manocha, Nakul Kumar, Siddhant Dhingra",India
Catalogus,Enterprise Tech,2023,,Gurugram,"Himanshu Dikshit, Ankit Samria, Vipin Singh",India
Chaayos,Ecommerce,2012,$94.33 Mn+,New Delhi,"Nitin Saluja, Raghav Verma",India
Chai Point,Ecommerce,2010,$54.95 Mn+,Bengaluru,"Amuleek Singh Bijral, Gaganjot Kaur",India
Chalo,Travel Tech,2014,$144.25 Mn+,Navi Mumbai,"Dhruv Chopra, Mohit Dubey, Nikhil Aggarwal, Priya Singh, Vinayak Bhavnani",India
ChargeBee,Fintech,2011,$468.57 Mn+,Chennai,"KP Saravanan, Krish Subramanian, Rajaraman Santhanam, Thiyagarajan Thiyagu",India
ChargeZone,Clean Tech,2018,$86.11 Mn+,Vadodara,Kartikey Hariyani,India
Chingari,Media & Entertainment,2018,$88.34 Mn+,Bengaluru,"Aditya Kothari, Biswatma Nayak, Deepak Salvi, Sumit Gosh",India
Citrus Payment Solutions,Fintech,2011,$32.50 Mn+,Mumbai,"Amrish Rau, Jitendra Gupta, Satyen V Kothari",India
CityMall,Ecommerce,2019,$111.80 Mn+,Gurugram,"Angad Kikla, Divij Goyal, Naisheel Verdhan",India
Classplus,Enterprise Tech,2018,$158.32 Mn+,Noida,"Bhaswat Agarwal, Mukul Rustagi",India
Clear,Fintech,2011,$140.36 Mn+,Bengaluru,"Archit Gupta,Ankit Solanki,Anupam Mediratta,Srivatsan Chari",India
Cleartrip,Travel Tech,2006,$53.40 Mn+,Bengaluru,"Hrush Bhatt, Matthew Spacie, Stuart Crighton",India
Clix Capital,Fintech,2016,$212.20 Mn+,Gurugram,"Anil Chawla, Pramod Bhasin",India
Clove Dental,Health Tech,2011,$117.00 Mn+,New Delhi,Amar Singh,India
Cogoport,Logistics,2016,$133.61 Mn+,Gurugram,"Amitabh Shankar, Anurag Dabral, Harsh Kumar, Kunal Rathod, Nishant Dalmia, Shekhar Purnendu",India
CoinDCX,Fintech,2018,$243.99 Mn+,Mumbai,"Neeraj Khandelwal, Sumit Gupta",India
CoinSwitch,Fintech,2017,$300.00 Mn+,Bengaluru,"Ashish Singhal, Govind Soni, Vimal Sagar Tiwari",India
CollegeDekho,Edtech,2015,$92.94 Mn+,Gurugram,"Ruchir Arora,Saurabh Jain,Rohit Saha",India
CommonFloor,Real Estate Tech,2007,$62.90 Mn+,Bengaluru,"Lalit Mangal, Sumit Jain, Vikas Malpani",India
Country Delight,Ecommerce,2015,$210.43 Mn+,Gurugram,"Chakradhar Gade, Nitin Kaushal",India
Coursera,Edtech,2012,$443.10 Mn+,Gurugram,"Andrew Ng, Daphne Koller",India
Coverfox Insurance,Fintech,2013,$58.83 Mn+,Mumbai,"Devendra Rane, Varun Dua",India
CraftsVilla,Ecommerce,2011,$53.50 Mn+,Mumbai,"Bhavik Jhaveri, Manoj Gupta, Monica Gupta, Sarvajeet Chandra",India
CredAble,Fintech,2017,$71.91 Mn+,Mumbai,"Nirav Choksi, Rajiv Ramnarayan, Ram Kewalramani",India
CredResolve,Fintech,2023,$1.13 Mn+,Bengaluru,"Balaji Koustubha, Dhiraj Chiruvella, G Prashanth Kumar, Vijay Kumar",India
Credgenics,Fintech,2018,$81.80 Mn+,Noida,"Anand Agrawal, Mayank Khera,Rishabh Goel",India
CropIn,Enterprise Tech,2010,$44.08 Mn+,Bengaluru,"Krishna Kumar, Mouhiit Mohan",India
CueMath,Edtech,2013,$121.66 Mn+,Bengaluru,Manan Khurma,India
Cura Care,Health Tech,2024,$585.57K+,Bengaluru,"Abhinav Kumar, Chinmay Mittal, Paminder Singh",India
Curefoods,Foodtech,2020,$191.35 Mn+,Bengaluru,Ankit Nagori,India
Cygnus Medicare,Health Tech,2011,$27.87 Mn+,New Delhi,"Naveen Nischal, Shuchin Bajaj, Sunil Bhayana",India
DB Realty,Real Estate Tech,2007,$308.93 Mn+,Mumbai,"Shahid Balwa, Vinod Goenka",India
DMI Finance,Fintech,2008,$1.13 Bn+,New Delhi,"Shivashish Chatterjee, Yuvraja C Singh",India
DailyHunt,Media & Entertainment,2007,$1.71 Bn+,Bengaluru,"Chandu Sohoni, Umang Bedi, Umesh Kulkarni, Virendra Gupta",India
DarwinBox,Enterprise Tech,2015,$115.50 Mn+,Hyderabad,"Chaitanya Peddi, Jayant Paleti, Rohit Chennamaneni",India
DeCharge,Clean Tech,2024,$2.50 Mn+,Hyderabad,"Mohan Ponnada,Prakash Kamaraj,Rama Krishna",India
DeHaat,Agritech,2012,$284.29 Mn+,Gurugram,"Abhishek Dokania, Adarsh Srivastava, Amrendra Singh, Shashank Kumar, Shyam Sundar Singh",India
DealShare,Ecommerce,2018,$443.62 Mn+,Bengaluru,"Rajat Shikhar, Sankar Bora, Sourjyendu Medda, Vineet Rao",India
Delhivery,Logistics,2011,$1.38 Bn+,Gurugram,"Bhavesh Manglani, Kapil Bharati, Mohit Tandon, Sahil Barua, Suraj Saharan",India
Design Cafe,Real Estate Tech,2016,$58.39 Mn+,Bengaluru,"Gita Ramanan, Shezan Bhojani",India
Detect Technologies,Enterprise Tech,2016,$43.31 Mn+,Chennai,"Daniel Raj David, Harikrishnan Arangali Shaji, Karthik Rajasekaran, Tarun Mishra",India
Dezerv,Fintech,2021,$60.00 Mn+,Mumbai,"Sahil Contractor, Sandeep Jethwani, Vaibhav Porwal",India
Digit Insurance,Fintech,2016,$542.54 Mn+,Bengaluru,Kamesh Goyal,India
Disprz,Enterprise Tech,2015,$52.44 Mn+,Chennai,"Kuljit Chadha, Subramanian Viswanathan",India
DocPrime,Health Tech,2018,$50.00 Mn+,Gurugram,Yashish Dahiya,India
DocsApp,Health Tech,2015,$47.58 Mn+,Bengaluru,"Enbasekar Dinadayalane, Satish Kannan",India
DotPe,Enterprise Tech,2019,$93.50 Mn+,Gurugram,"Anurag Gupta, Gyanesh Sharma, Shailaz Nag",India
Doubtnut,Edtech,2016,$52.34 Mn+,Gurugram,"Aditya Shankar, Ravi Sekhar KV, Tanushree Nagori",India
Dream11,Media & Entertainment,2008,$1.56 Bn+,Mumbai,"Harsh Jain,Bhavit Sheth",India
Dreamtime Learning,Edtech,2022,,Mumbai,Lina Ashar,India
Drip Capital,Fintech,2015,$408.00 Mn+,Mumbai,"Neil Kothari, Pushkar Mukewar",India
Drive FITT,Health Tech,2024,,Noida,"Deke Smith, Mark Sellar, Preity G Zinta, Shubman Gill,Vikram Aditya Bhatia",India
Drivezy,Travel Tech,2015,$149.20 Mn+,Bengaluru,"Abhishek Mahajan, Amit Sahu, Ashwarya Singh, Hemant Kumar Sah, Vasant Verma",India
Drools,Ecommerce,2009,$59.76 Mn+,Rajnandgaon,Fahim Sultan,India
Droom,Ecommerce,2014,$296.00 Mn+,Gurugram,Sandeep Aggarwal,India
Druva,Enterprise Tech,2008,$475.00 Mn+,Pune,"Jaspreet Singh, Milind Borate, Ramani Kothandaraman",India
Dunzo,Consumer Services,2015,$485.06 Mn+,Bengaluru,"Ankur Aggarwal, Dalvir Suri, Kabeer Biswas, Mukund Jha",India
Dvara KGFS,Fintech,2011,$100.32 Mn+,Chennai,"Bindu Ananth, Samar Shah",India
Dynolt Technologies,Clean Tech,2022,$1.70 Mn+,Bengaluru,"Rajesh Sura, Teja Kumar Balivada",India
E2E Networks,Enterprise Tech,2009,$50.10 Mn+,New Delhi,Tarun Dua,India
Easy Home Finance,Fintech,2017,$49.98 Mn+,Mumbai,"Hrishikesh Gandhi, Rohit Chokhani",India
EatClub Brands,Foodtech,2012,$105.37 Mn+,Mumbai,"Amit Raj, Anshul Gupta",India
EbixCash,Fintech,2002,$51.80 Mn+,Noida,Robin Raina,India
Ecom Express,Logistics,2012,$274.39 Mn+,Gurugram,"K. Satyanarayana, Manju Dhawan, Sanjeev Saxena, T. A. Krishnan",India
Ecozen Solutions,Clean Tech,2010,$94.80 Mn+,Pune,"Devendra Gupta, Prateek Singhal, Vivek Pandey",India
Educational Initiatives,Enterprise Tech,2001,$45.03 Mn+,Bengaluru,"Sridhar Rajagopal, Srini Raghavan",India
Eduvanz,Fintech,2016,$48.64 Mn+,Mumbai,"Atul Sashittal, Raheel Shah, Varun Chopra",India
Eightfold AI,Enterprise Tech,2016,$391.00 Mn+,Bengaluru,"Ashutosh Garg, Varun Kacholia",India
Elara Technologies,Real Estate Tech,2013,$135.00 Mn+,Gurugram,"Manoj Thandassery, Vinod Abraham",India
ElasticRun,Ecommerce,2016,$462.10 Mn+,Pune,"Sandeep Deshmukh, Saurabh Nigam, Shitiz Bansal",India
Electronic Payment and Services,Fintech,2011,$36.00 Mn+,Mumbai,"Mani Mamallan,Sanjay Kapoor,Vidya Mamallan",India
Embibe,Edtech,2012,$284.48 Mn+,Bengaluru,Aditi Avasthi,India
Eon Space Labs,Advanced Hardware & Technology,2021,$1.20 Mn+,Hyderabad,"Punit Badeka, Manoj Kumar, Sanjay Kumar",India
Epigamia,Ecommerce,2015,$60.09 Mn+,Mumbai,"Ganesh Krishnamoorthy, Milap Shah, Rahul Jain, Rohan Mirchandani, Uday Thakker",India
Equitas Small Finance Bank,Fintech,2007,$189.35 Mn+,Chennai,P.N Vasudevan,India
Eruditus Executive Education,Edtech,2010,$1.31 Bn+,Mumbai,"Ashwin Damera, Chaitanya Kalipatnapu",India
Euler Motors,Clean Tech,2018,$149.54 Mn+,New Delhi,Saurav Kumar,India
Even,Health Tech,2020,$70.45 Mn+,Bengaluru,"Alessandro Davide Ialongo, Matilde Giglio, Mayank Banerjee",India
Everest Fleet,Logistics,2016,$57.13 Mn+,Thane,"Amar Kerkar, Anand Chheda, Himani Ladsariya, Monil Sheth, Prihaans Dedhiya, Shivang Unadkat, Siddharth Ladsariya",India
Exotel,Enterprise Tech,2011,$87.09 Mn+,Bengaluru,"Ishwar Sridharan, Shivakumar Ganesan, Siddharth Ramesh, Vijay Sharma",India
Exponent Energy,Clean Tech,2020,$44.31 Mn+,Bengaluru,"Arun Vinayak, Sanjay Byalal Jagannath",India
Eye-Q India,Health Tech,2007,$38.00 Mn+,Gurugram,"Ajay Sharma, Rajat Goel",India
Ezetap,Fintech,2011,$51.00 Mn+,Bengaluru,"Abhijit Bose, Alfredo Ruiz LÃ³pez, Bala Parthasarathy, Bhaktha Keshavachar, Shripati Acharya",India
FINO PayTech,Fintech,2017,$52.60 Mn+,Mumbai,Rishi Gupta,India
FPL Technologies,Fintech,2019,$253.68 Mn+,Pune,"Anurag Sinha, Rupesh Kumar, Vibhav Hathi",India
Faasos,Foodtech,2011,$94.50 Mn+,Pune,"Kallol Banerjee, Jaydeep Barman",India
FabHotels,Travel Tech,2014,$67.65 Mn+,Gurugram,"Adarsh Manpuria, Vaibhav Aggarwal",India
FamPay,Fintech,2019,$42.70 Mn+,Bengaluru,"Kush Taneja, Sambhav Jain",India
FanClash,Media & Entertainment,2020,$50.50 Mn+,Gurugram,"Richa Singh, Rishabh Bhansali",India
FarEye,Logistics,2013,$155.32 Mn+,Noida,"Gaurav Srivastava, Kushal Nahata,Gautam Kumar",India
FarMart,Ecommerce,2015,$47.31 Mn+,Gurugram,"Alekh Sanghera, Lokesh Singh, Mehtab Singh Hans",India
Fashinza,Enterprise Tech,2020,$155.32 Mn+,Gurugram,"Abhishek Sharma, Pawan Gupta",India
Fashion & You,Ecommerce,2009,$72.40 Mn+,Gurugram,"Rahul Narvekar,Pearl Uppal, Gaurav Kachru",India
FastFox,Real Estate Tech,2014,$66.18 Mn+,Gurugram,"Anshul Gupta, Mukul Bhati, Pallav Pandey",India
Feline Spirits,Ecommerce,2019,$608.72K+,New Delhi,"Prabhat Sharma,Rohit Saxena",India
Fi.Money,Fintech,2019,$137.00 Mn+,Bengaluru,"Sujith Narayanan, Sumit Gwalani",India
Fibe,Fintech,2015,$233.27 Mn+,Pune,"Akshay Mehrotra, Ashish Goyal",India
Fincare,Fintech,2007,$113.72 Mn+,Bengaluru,Rajeev Yadav,India
Finodaya Capital,Fintech,2024,$2.50 Mn+,Indore,"Neeraj Biyani, Abhitabh Dixit,Lokendra Tomar",India
Finova Capital,Fintech,2015,$276.00 Mn+,Jaipur,"Mohit Sahney, Sunita Sahney",India
Firefly Diamonds,Ecommerce,2023,$3.00 Mn+,Mumbai,"Adit Bhansali,Aayush Bhansali",India
FirstCry,Ecommerce,2010,$1.13 Bn+,Pune,"Amitava Saha, Prashant Jadhav, Sanskriti Hattimattur, Supam Maheshwari",India
Fisdom,Fintech,2015,$42.25 Mn+,Bengaluru,"Anand Dalmia, Ramganesh Iyer, Subramanya S.V.",India
Flexiloans,Fintech,2016,$182.94 Mn+,Mumbai,"Abhishek Kothari, Deepak Jain, Manish Lunia, Ritesh Jain",India
Flipkart,Ecommerce,2007,$14.01 Bn+,Bengaluru,"Binny Bansal, Sachin Bansal",India
FloBiz,Fintech,2019,$43.98 Mn+,Bengaluru,"Aditya Naik, Rahul Raj, Rakesh Yadav",India
Foodpanda India,Foodtech,2012,$110.00 Mn+,Bengaluru,"Rohit Chadda, Saurabh Kochhar",India
Fourth Partner Energy,Clean Tech,2010,$639.67 Mn+,Hyderabad,"Saif Dhorajiwala, Vikas Saluguti, Vivek Subramanian",India
Foxtale,Ecommerce,2021,$67.13 Mn+,Mumbai,Romita Mazumdar,India
Fraazo,Ecommerce,2018,$63.01 Mn+,Mumbai,"Aashish Krishnatre, Atul Kumar, Sumit Rai, Vikas Dosala",India
Fractal Analytics,Enterprise Tech,2000,$685.00 Mn+,Mumbai,"Pranay Agrawal, Srikanth Velamakanni,Nirmal Palaparthi,Pradeep Suryanarayan,Ramakrishna Reddy",India
FreeCharge,Fintech,2010,$174.25 Mn+,Gurugram,"Kunal Shah, Sandeep Tandon",India
FreshMenu,Foodtech,2014,$37.38 Mn+,Bengaluru,Rashmi Daga,India
FreshToHome,Ecommerce,2015,$377.00 Mn+,Bengaluru,Shan Kadavil,India
Freshworks,Enterprise Tech,2010,$484.00 Mn+,Chennai,"Girish Mathrubootham, Shan Krishnasamy, Vijay Shankar",India
Furlenco,Ecommerce,2012,$269.47 Mn+,Bengaluru,Ajith Karimpana,India
Fusion Microfinance,Fintech,2009,$229.46 Mn+,New Delhi,"Ashish Tiwari, Devesh Sachdev",India
G.O.A.T Brand Labs,Ecommerce,2021,$106.97 Mn+,Bengaluru,"Rameswar Misra, Rishi Vasudev",India
GIVA,Ecommerce,2019,$90.07 Mn+,Bengaluru,"Ishendra Agarwal, Nikita Prasad, Raghvendra Agarwal, Sachin Shetty",India
GMW,Clean Tech,2021,$50.00 Mn+,Hyderabad,"Rahul Gayam, Raja Gayam, Sri Harsha Bavirisetty",India
GOPIZZA,Foodtech,2017,$38.15 Mn+,Bengaluru,Jae Won Lim,India
GPS Renewables,Clean Tech,2012,$52.19 Mn+,Bengaluru,"Mainak Chakraborty, Sreekrishna Sankar",India
Gaana,Media & Entertainment,2010,$206.20 Mn+,Noida,"Avinash Mudaliar, Jai Thade",India
Games24x7,Media & Entertainment,2006,$75.00 Mn+,Mumbai,"Bhavin Pandya, Trivikraman Thampy",India
Generico,Health Tech,2017,$44.79 Mn+,Mumbai,"Siddharth Gadia,Girish Agarwal",India
GetVantage,Fintech,2019,$41.00 Mn+,Mumbai,"Amit Srivastava, Bhavik Vasa, Sachin Tagra",India
Glance,Enterprise Tech,2019,$390.00 Mn+,Bengaluru,"Abhay Singhal, Mohit Saxena, Naveen Tewari, Piyush Shah",India
GlobalBees,Ecommerce,2021,$279.57 Mn+,New Delhi,"Nitin Agarwal, Supam Maheshwari",India
GoKwik,Enterprise Tech,2020,$55.45 Mn+,New Delhi,"Ankush Talwar, Chirag Taneja, Vivek Bajpai",India
GoMechanic,Consumer Services,2016,$68.92 Mn+,Gurugram,"Amit Bhasin, Kushal Karwa, Nitin Rana, Rishabh Karwa",India
GoTrust,Enterprise Tech,2023,$400.00K+,Noida,Himanshu Gautam,India
GoWork India,Real Estate Tech,2017,$53.00 Mn+,Gurugram,Nimit Mahajan,India
Good Glamm Group,Ecommerce,2021,$214.00 Mn+,New Delhi,"Naiyya Saggi,Darpan Sanghvi, Priyanka Gill",India
Goomo,Travel Tech,2006,$50.00 Mn+,Mumbai,"Varun Gupta,Sanjeev Sreedharan",India
Green Grahi,Health Tech,2021,$3.72 Mn+,New Delhi,"Shivali Sugand, Siddharth Sharma",India
GreenCell Mobility,Travel Tech,2019,$457.62 Mn+,Mumbai,Ashok Agarwal,India
GreyOrange,Logistics,2012,$428.10 Mn+,Gurugram,"Akash Gupta, Samay Kohli",India
Groww,Fintech,2016,$393.20 Mn+,Bengaluru,"Harsh Jain, Ishan Bansal Dean, Lalit Keshre, Neeraj Singh",India
Gupshup,Enterprise Tech,2004,$480.50 Mn+,New Delhi,"Beerud Sheth, Rakesh Mathur",India
Haber,Enterprise Tech,2017,$65.06 Mn+,Pune,"Prashun Purkayastha, Priya Venkat, Vipin Raghavan",India
HackerRank,Edtech,2012,$110.40 Mn+,Bengaluru,"Harishankaran Karunanidhi, Vivek Ravisankar",India
Happiest Minds Technologies,Enterprise Services,2011,$105.92 Mn+,Bengaluru,"Ashok Soota, Aurobinda Nanda, Joseph Anantharaju, Salil Godika",India
Happilo,Ecommerce,2016,$38.71 Mn+,Bengaluru,Vikas D Nahar,India
HappyEasyGo,Travel Tech,2017,$49.60 Mn+,Gurugram,"Boris Zha,Vivek Prabhakar",India
Hasura,Enterprise Tech,2017,$136.50 Mn+,Bengaluru,"Rajoshi Ghosh, Tanmai Gopal",India
Heads Up For Tails,Ecommerce,2008,$50.00 Mn+,Gurugram,"Rashi Narang, Ridhima Coelho, Sandeep Atmaram",India
Health Care At Home India,Health Tech,2012,$56.27 Mn+,Noida,Vivek Srivastava,India
HealthKart,Ecommerce,2011,$350.91 Mn+,Gurugram,"Chella Pandyan, Sameer Maheshwari",India
HealthPlix,Enterprise Tech,2014,$44.68 Mn+,Bengaluru,"Raghuraj Sunder Raju, Sandeep Gudibanda",India
HealthifyMe,Health Tech,2012,$150.00 Mn+,Bengaluru,"Mathew Cherian, Sachin Shenoy, Tushar Vashisht",India
Hero Future Energies,Clean Tech,2012,$725.00 Mn+,New Delhi,Sunil Jain,India
Hike,Media & Entertainment,2012,$261.00 Mn+,New Delhi,Kavin Bharti Mittal,India
Holisol,Enterprise Tech,2009,$27.31 Mn+,New Delhi,"Manish Ahuja, Naveen Rawat, Rahul Dogar",India
HomeLane,Real Estate Tech,2014,$156.86 Mn+,Bengaluru,"Rama Harinath, Srikanth Iyer, Tanuj Choudhry, Vivek Parasuram",India
Hopscotch,Ecommerce,2012,$71.00 Mn+,Mumbai,Rahul Anand,India
Hotstar,Media & Entertainment,2000,$226.76 Mn+,Mumbai,Nagabhushan Ramappa,India
Housing,Real Estate Tech,2012,$147.83 Mn+,Gurugram,"Abhimanyu Dhamija, Abhishek Anand, Advitiya Sharma, Amrit Raj, Neeraj Bhunwal, Rahul Yadav, Ravish Naresh, Rishabh Agrawal, Sanat Ghosh, Saurabh Goyal, Snehil Buxy, Vaibhav Tolia",India
Hubilo,Enterprise Tech,2020,$153.11 Mn+,Ahmedabad,"Mayank Agarwal, Vaibhav Jain",India
Hungama,Media & Entertainment,1999,$165.00 Mn+,Mumbai,Neeraj Roy,India
HungerBox,Enterprise Tech,2015,$43.67 Mn+,Bengaluru,"Sandipan Mitra, Uttam Kumar",India
IDfy,Enterprise Tech,2011,$54.96 Mn+,Mumbai,"Ashok Hariharan, Hatim Baheranwala, Vineet Jawa",India
IIFL Finance,,1995,$175.00 Mn+,Mumbai,,India
IPEC,Clean Tech,2017,$3.00 Mn+,Bengaluru,,India
IVANA Jewels,Ecommerce,2023,$236.47K+,Surat,Ayushi Jindal,India
Ibibo Group,Travel Tech,2007,$250.00 Mn+,Gurugram,Ashish Kashyap,India
Icertis,Enterprise Tech,2009,$516.00 Mn+,Pune,"Monish Darda, Samir Bodas",India
Impact Analytics,Enterprise Tech,2015,$61.75 Mn+,Bengaluru,Prashant Agrawal,India
InCred,Fintech,2016,$373.73 Mn+,Mumbai,Bhupinder Singh,India
InMobi,Enterprise Tech,2007,$420.10 Mn+,Bengaluru,"Abhay Singhal, Amit Gupta, Mohit Saxena, Naveen Tewari, Piyush Shah",India
IndMoney,Fintech,2019,$153.89 Mn+,Gurugram,Ashish Kashyap,India
IndeWild,Ecommerce,2021,$8.00 Mn+,Mumbai,"Diipa Khosla, Oleg Eh Buller",India
IndiQube,Real Estate Tech,2015,$45.31 Mn+,Bengaluru,"Meghna Agarwal, Rishi Das",India
IndiaHomes,Real Estate Tech,2007,$79.78 Mn+,New Delhi,Samarjit Singh,India
IndiaMART,Ecommerce,1999,$30.84 Mn+,Noida,Dinesh Agarwal,India
Indian School Finance Company,Fintech,2008,$36.00 Mn+,New Delhi,Samir Mehra,India
Indifi Technologies,Fintech,2015,$120.16 Mn+,Gurugram,"Alok Mittal, Siddharth Mahanot, Sundeep Sahi",India
Industrybuying,Ecommerce,2013,$39.80 Mn+,New Delhi,"Rahul Gupta, Swati Gupta",India
Infinity Fincorp Solutions,Fintech,2016,$69.00 Mn+,Mumbai,Shrikant Ravalkar,India
Infra.Market,Real Estate Tech,2016,$483.84 Mn+,Thane,"Aaditya Sharda, Souvik Sengupta",India
InnerGize,Health Tech,2023,$526.50K+,New Delhi,"Dr Siddhant Bhargava,Shalmali Kadu,Mitansh Khurana",India
Innovaccer,Enterprise Tech,2014,$666.20 Mn+,Noida,"Abhinav Shashank, Kanav Hasija, Sandeep K Gupta",India
Innoviti,Fintech,2002,$100.16 Mn+,Bengaluru,"Amrita Malik, Rajeev Agrawal",India
Inshorts,Media & Entertainment,2013,$165.33 Mn+,Noida,"Anunay Pandey, Azhar Iqubal, Deepit Purkayastha",India
Instawork,Consumer Services,2015,$138.00 Mn+,Bengaluru,"Saureen Shah, Sumir Meghani",India
InsuranceDekho,Fintech,2016,$360.00 Mn+,Gurugram,"Ankit Agrawal, Ish Babbar",India
InterviewBit,Edtech,2015,$65.00 Mn+,Bengaluru,"Abhimanyu Saxena, Anshuman Singh",India
Irame.ai,Enterprise Tech,2023,$1.00 Mn+,Gurugram,"Ajay Mudhai,Kapil Arora",India
Iyaso,Edtech,2023,$500.00K+,Pune,Viraj Kulkarni,India
JSW Ventures,,1982,$151.63 Mn+,Mumbai,,India
Jabong.com,Ecommerce,2011,$47.50 Mn+,Gurugram,"Arun Chandramohan, Manu Jain, Mukul Bafana, Praveen Sinha",India
Jai Kisan,Fintech,2017,$88.70 Mn+,Mumbai,"Adriel Maniego, Arjun Ahluwalia",India
Jana Small Finance Bank,Fintech,2018,$591.69 Mn+,Bengaluru,Ramesh Ramanathan,India
Jar App,Fintech,2021,$111.67 Mn+,Bengaluru,"Misbah Ashraf, Nishchay AG",India
Jasper,Travel Tech,2014,$50.00 Mn+,New Delhi,Sanjay Kumar Thakur,India
JetSynthesys,Media & Entertainment,2014,$42.03 Mn+,Pune,Rajan Navani,India
JioSaavn,Media & Entertainment,2007,$100.00 Mn+,Mumbai,"Rishi Malhotra,Anjali Jindal Naik,Anurag Gupta,Paramdeep Singh",India
Jumbotail,Ecommerce,2015,$167.76 Mn+,Bengaluru,"Ashish Jhina, Karthik Venkateswaran",India
Juniper Green Energy,Clean Tech,2018,$350.00 Mn+,Gurugram,Naresh Mansukhani,India
Jupiter,Fintech,2019,$171.48 Mn+,Mumbai,"Jitendra Gupta,Vishnu Jerome",India
Juspay,Fintech,2012,$87.42 Mn+,Bengaluru,"Ramanathan RV, Vimal Kumar",India
Just Buy Live,Ecommerce,2015,$120.00 Mn+,Mumbai,"Bharat Balachandran, Sahil Sani",India
Just Dial,Consumer Services,1996,$113.46 Mn+,Mumbai,"Ramani Iyer, V.S.S. Mani",India
K-12 Techno Services,Edtech,2012,$81.98 Mn+,Bengaluru,"Venkata Narayana,MSC Srikanth",India
Kabira Mobility,Clean Tech,2019,$50.00 Mn+,Verna,"Akash Siwach, Jaibir Siwach",India
Kaleidofin,Fintech,2017,$46.68 Mn+,Chennai,"Puneet Gupta, Sucharita Mukherjee",India
Kapiva,Ecommerce,2016,$51.50 Mn+,Bengaluru,"Ameve Sharma, Shrey Badhani",India
Karbon Card,Fintech,2019,$38.31 Mn+,Bengaluru,"Amit Jangir, Bo Li, Kartik Jain, Pei-fu Hsieh, Sunil Kumar",India
Keka HR,Enterprise Tech,2015,$58.60 Mn+,Hyderabad,Vijay Yalamanchili,India
Khatabook,Fintech,2018,$186.50 Mn+,Bengaluru,"Ashish Sonone, Dhanesh Kumar, Jaideep Poonia, Ravish Naresh, Vaibhav Kalpe",India
Kinara Capital,Fintech,2011,$173.49 Mn+,Bengaluru,Hardika Shah,India
Kissht,Fintech,2015,$142.54 Mn+,Mumbai,"Krishnan Vishwanathan, Ranvir Singh",India
Kitchens@,Consumer Services,2018,$82.64 Mn+,Bengaluru,Junaiz Kizhakkayil,India
Knowlarity Communications,Enterprise Tech,2009,$42.50 Mn+,Gurugram,"Ambarish Gupta, Pallav Pandey",India
Konect U,Edtech,2022,,Mumbai,Kevin Lewis,India
Koo App,Media & Entertainment,2020,$60.35 Mn+,Bengaluru,"Aprameya Radhakrishna, Mayank Bidawatka",India
Koovs,Ecommerce,2009,$43.00 Mn+,Bengaluru,"Amit Shukla, Kanishk Shukla, Manish Tewari",India
KorinMi,Health Tech,2024,$360.00K+,Gurugram,"Reshbha Munjal,Jenovia Daun Jung",India
Kraftshala,Edtech,2017,,New Delhi,"Eshu Sharma, Varun Satia",India
KrazyBee,Fintech,2016,$62.53 Mn+,Bengaluru,"Karthikeyan Krishnaswamy, Madhusudan Ekambaram",India
KreditBee,Fintech,2018,$362.65 Mn+,Bengaluru,"Karthikeyan Krishnaswamy, Madhusudan Ekambaram, Vivek Veda",India
Kuku FM,Media & Entertainment,2018,$71.80 Mn+,Mumbai,"Lal Chand Bisu, Vikas Goyal, Vinod Kumar Meena",India
Kyte,Media & Entertainment,2018,$81.49 Mn+,Mumbai,"Dhanesh Kumar, Jaideep Poonia, Ravish Naresh",India
LAT Aerospace,Advanced Hardware & Technology,2025,$20.00 Mn+,New Delhi,"Surabhi Das,Deepinder Goyal",India
LEAD School,Enterprise Tech,2012,$182.23 Mn+,Mumbai,"Smita Deorah, Sumeet Mehta",India
Lal Sweets,Ecommerce,2010,$39.32 Mn+,Bengaluru,Prateek Athwani,India
LambdaTest,Enterprise Tech,2017,$108.00 Mn+,Noida,"Asad Khan, Jay Singh, Mayank Bhola",India
Laurus Labs,Health Tech,2005,$148.10 Mn+,Hyderabad,Satyanarayana Chava,India
LeadSquared,Enterprise Tech,2011,$188.00 Mn+,Bengaluru,"Nilesh Patel, Prashant Singh,Sudhakar Gorti",India
Leads Connect,Agritech,2009,$60.28 Mn+,Noida,Navneet Ravikar,India
Leap,Edtech,2019,$152.50 Mn+,Bengaluru,"Arnav Kumar, Vaibhav Singh",India
Leap India,Logistics,2013,$184.87 Mn+,Mumbai,Sunu Mathew,India
Lehlah,Media & Entertainment,2022,$1.46 Mn+,Mumbai,Ashna Ruia,India
Lendingkart,Fintech,2014,$340.37 Mn+,Ahmedabad,"Harshvardhan Lunia, Mukul Sachan",India
LensKart,Ecommerce,2008,$1.75 Bn+,Gurugram,"Amit Chaudhary, Peyush Bansal, Sumeet Kapahi",India
Lentra,Fintech,2019,$98.70 Mn+,Pune,"Ankur Handa, Dasharathi Venkatesh",India
LetsTransport,Logistics,2015,$82.64 Mn+,Bengaluru,"Ankit Parasher, Pushkar Singh, Sudarshan Ravi",India
Leverage Edu,Edtech,2017,$73.27 Mn+,New Delhi,Akshay Chaturvedi,India
Licious,Ecommerce,2015,$554.22 Mn+,Bengaluru,"Abhay Hanjura, Varun Sadana, Vivek Gupta",India
LifeCell International,Health Tech,2004,$42.12 Mn+,Chennai,S Abhaya Kumar,India
Lighthouse PropTech,Real Estate Tech,2023,$1.00 Mn+,Mumbai,"Sumesh Mishra,Murtuza Contractor",India
LimeRoad,Ecommerce,2012,$51.50 Mn+,Gurugram,"Ankush Mehra, Manish Saksena, Prashant Malik, Suchi Mukherjee",India
Little,Ecommerce,2015,$50.00 Mn+,Bengaluru,"Manish Chopra, Satish Mani",India
Livpure,Ecommerce,2010,$43.79 Mn+,Gurugram,"Navneet Kapoor, Rakesh Malhotra, Rs Rajan",India
Livspace,Real Estate Tech,2015,$433.38 Mn+,Bengaluru,"Anuj Srivastava, Ramakant Sharma, Saurabh Jain",India
LoadShare Networks,Logistics,2017,$59.40 Mn+,Bengaluru,"Pramod Nair, Raghuram Talluri, Rakib Ahmed, Tanmoy Karmakar",India
Loco,Media & Entertainment,2017,$51.00 Mn+,Bengaluru,"Abhishek Madhavan, Anirudh Pandita, Ashwin Suresh, Chetan Dembre, Firasat Durrani, Sushil Kumar",India
Log9 Materials,Clean Tech,2015,$64.66 Mn+,Bengaluru,"Akshay Singhal, Kartik Hajela, Pankaj Sharma",India
LogiNext,Logistics,2014,$49.60 Mn+,Mumbai,"Dhruvil Sanghvi, Manisha Raisinghani",India
Lohum,Clean Tech,2017,$44.38 Mn+,New Delhi,"Justin Lemmon, Rajat Verma",India
Loop Health,Fintech,2018,$39.30 Mn+,Mumbai,"Amrit Singh, Mayank Kale, Ryan Singh",India
M2P Fintech,Fintech,2014,$214.89 Mn+,Chennai,"Madhusudanan R, Muthukumar A(M2P), Prabhu Rangarajan",India
MODIFI,Fintech,2018,$350.20 Mn+,New Delhi,"Jan Wehrs, Nelson Holzner, Sven Brauer",India
MX Player,Media & Entertainment,2011,$110.80 Mn+,Mumbai,Karan Bedi,India
Mad Street Den,Enterprise Tech,2016,$55.82 Mn+,Chennai,"Anand Chandrasekaran, Ashwini Asokan, Costa Colbert",India
Magenta Mobility,Logistics,2018,$77.00 Mn+,Bengaluru,"Darryl Dias, Maxson Lewis",India
Magicpin,Foodtech,2015,$104.88 Mn+,Gurugram,"Abhishek Awasthi, Anshoo Sharma, Brij Bhushan",India
Maiyas Beverages And Foods,Ecommerce,2012,$46.60 Mn+,Bengaluru,P Sadananda Maiya,India
Make in Box,Logistics,2020,$260.00K+,Bengaluru,Ullas Esturi,India
MakeMyTrip,Travel Tech,2000,$748.00 Mn+,Gurugram,Deep Kalra,India
Mamaearth,Ecommerce,2016,$111.18 Mn+,Gurugram,"Ghazal Alagh, Varun Alagh",India
MarketsandMarkets,Enterprise Tech,2010,$56.00 Mn+,Pune,Sandeep Sugla,India
Matrix Gas & Renewables,Clean Tech,2022,$42.26 Mn+,Ahmedabad,Anmol Singh Jaggi,India
MedGenome,Health Tech,2013,$185.50 Mn+,Bengaluru,"Mahesh Pratapneni, Sam Santhosh",India
MediBuddy,Health Tech,2013,$189.85 Mn+,Bengaluru,"Enbasekar Dinadayalane, Satish Kannan",India
Medikabazaar,Health Tech,2014,$191.94 Mn+,Mumbai,"Ketan Malkan, Vivek Tiwari",India
Medlife,Health Tech,2014,$62.80 Mn+,Bengaluru,"Ananth Narayanan, Prashanth Singh, Tushar Kumar",India
Meesho,Ecommerce,2015,$1.61 Bn+,Bengaluru,"Sanjeev Barnwal, Vidit Aatrey",India
Melorra,Ecommerce,2015,$78.40 Mn+,Bengaluru,"Krishna Kumar, Saroja Yeramilli",India
Mensa Brands,Ecommerce,2021,$294.26 Mn+,Bengaluru,Ananth Narayanan,India
Meru Cabs,Travel Tech,2007,$75.00 Mn+,Mumbai,Neeraj Gupta,India
Metalbook,Ecommerce,2021,$38.00 Mn+,Gurugram,"Aman Kumar Tibrewal,Pulkit Baldev,Raghavendra Pratap Singh",India
Miko,Edtech,2015,$64.87 Mn+,Mumbai,"Chintan Raikar, Prashant Iyengar, Sneh Vaswani",India
Milk Mantra,Ecommerce,2009,$39.46 Mn+,Bhubaneswar,Srikumar Misra,India
MilkBasket,Consumer Services,2015,$38.53 Mn+,Gurugram,"Anant Goel, Anurag Jain, Ashish Goel, Yatish Talavdia",India
Mindspace REIT,Fintech,2014,$77.94 Mn+,Mumbai,,India
Mindtickle,Enterprise Tech,2012,$281.30 Mn+,Pune,"Deepak Diwakar, Krishna Depura, Mohit Garg, Nishant Mungali",India
Minio,Enterprise Tech,2014,$126.30 Mn+,Bengaluru,"Anand Babu Periasamy, Frederick Kautz, Garima Kapoor, Harshavardhana .",India
Mintifi,Fintech,2017,$340.03 Mn+,Mumbai,"Ankit Mehta, Anup Agarwal, Sanjoy Shome",India
Mintoak,Fintech,2017,$25.68 Mn+,Mumbai,"Rama Tadepalli, Raman Khanduja, Sanjay Nazareth",India
MoEngage,Enterprise Tech,2014,$207.38 Mn+,Bengaluru,"Raviteja Dodda, Yashwanth Kumar",India
MobiKwik,Fintech,2009,$242.70 Mn+,Gurugram,"Bipin Singh, Chandan Joshi, Upasana Taku",India
Mobile Premier League,Media & Entertainment,2018,$375.50 Mn+,Bengaluru,"Sai Srinivas Kiran G, Shubham Malhotra",India
Moglix,Ecommerce,2015,$481.51 Mn+,Noida,Rahul Garg,India
Money View,Fintech,2014,$188.30 Mn+,Bengaluru,"Puneet Agarwal, Sanjay Aggarwal",India
MoneyTap,Fintech,2015,$40.30 Mn+,Bengaluru,"Anuj Kacker, Bala Parthasarathy, Kunal Varma",India
Moser Baer Solar,Clean Tech,2007,$196.29 Mn+,New Delhi,Deepak Puri,India
Mswipe,Fintech,2011,$128.40 Mn+,Mumbai,Manish Patel,India
Mu Sigma,Enterprise Tech,2004,$209.50 Mn+,Bengaluru,Dhiraj C Rajaram,India
Mufin Green Finance,Fintech,2016,$92.42 Mn+,New Delhi,"Kapil Garg,Rajat Goyal",India
MyDesignation,Ecommerce,2017,$1.25 Mn+,Thiruvananthapuram,"Swaroop Krishnan,Gopika B Raj",India
MyGate,Enterprise Tech,2016,$79.45 Mn+,Bengaluru,"Abhishek Kumar, Shreyans Daga, Vijay Arisetty",India
MyGlamm,Ecommerce,2015,$138.35 Mn+,Mumbai,"Darpan Sanghvi, Priyanka Gill",India
Myntra,Ecommerce,2007,$374.33 Mn+,Bengaluru,"Ashutosh Lawania, Mukesh Bansal, Vineet Saxena",India
NDR InvIT,Logistics,2023,$75.00 Mn+,Mumbai,Naidu Reddy,India
NODWIN Gaming,Media & Entertainment,2015,$50.00 Mn+,Gurugram,"Akshat Rathee, Gautam Virk",India
NSPIRA Management Services,Enterprise Services,2014,$135.00 Mn+,Hyderabad,Puneet Kothapa,India
Naaptol,Ecommerce,2008,$119.70 Mn+,Thane,Manu Agarwal,India
Naarica,Ecommerce,2023,,Nashik,Shruti Chand,India
Namdev Finvest,Fintech,1997,$76.66 Mn+,Jaipur,Jitendra Tanwar,India
Navi Technologies,Fintech,2018,$677.46 Mn+,Bengaluru,"Ankit Agarwal, Sachin Bansal",India
Nazara Technologies,Media & Entertainment,2000,$334.72 Mn+,Mumbai,Nitish Mittersain,India
Neo Asset Management,Fintech,2021,$126.55 Mn+,Mumbai,"Hemant Daga,Nitin Jain",India
NeoGrowth,Fintech,2011,$219.01 Mn+,Mumbai,"Dhruv Khaitan, Piyush Khaitan",India
Nephroplus,Health Tech,2009,$199.63 Mn+,Hyderabad,"Kamal D Shah, Sandeep Gudibanda, Vikram Vuppala",India
NestAway,Real Estate Tech,2015,$112.07 Mn+,Bengaluru,"Amarendra Sahu, Deepak Dhar, Jitendra Jagadev, Smruti Parida",India
Netmeds,Health Tech,2015,$103.71 Mn+,Chennai,Pradeep Dadha,India
Netradyne,Enterprise Tech,2015,$352.52 Mn+,Bengaluru,"Avneesh Agrawal, David Julian",India
NewSpace Research & Technologies,,2018,$73.32 Mn+,Bengaluru,"Sameer Joshi,Sameer Joshi",India
NewsDog,Media & Entertainment,2016,$50.00 Mn+,New Delhi,"Chen Yukun,Yi Ma",India
Neysa,Enterprise Tech,2023,$49.90 Mn+,Mumbai,"Anindya Das, Sharad Sanghi",India
NiYO Solutions,Fintech,2015,$179.20 Mn+,Bengaluru,"Vinay Bagri, Virender Bisht",India
Ninjacart,Agritech,2015,$406.74 Mn+,Bengaluru,"Thirukumaran Nagarajan, Kartheeswaran K K, Vasudevan Chinnathambi, Sharath Loganathan",India
Niyogin Fintech,Fintech,2017,$42.99 Mn+,Mumbai,"Amit Rajpal, Gaurav Makarand Patankar",India
NoBroker,Real Estate Tech,2014,$376.00 Mn+,Bengaluru,"Akhil Gupta, Amit Agarwal, Saurabh Garg",India
Northern Arc,,2008,$176.93 Mn+,Gurugram,,India
Nothing Before Coffee,Foodtech,2017,$2.30 Mn+,Jaipur,"Anand Jain, Akshay Kedia, Shubham Bhandari, Ankesh Jain",India
Nuuk,Ecommerce,2023,$4.60 Mn+,Gurugram,"Gazal S Kalra, Shalabh Gupta",India
NuvoEx,Logistics,2013,$46.00 Mn+,Gurugram,"Milind Sharma, Navneet Singh",India
Nykaa,Ecommerce,2012,$156.89 Mn+,Mumbai,Falguni Nayar,India
O2 Power,Clean Tech,2019,$500.00 Mn+,Gurugram,"Parag Sharma, Peeyush Mohit,Rakesh Garg",India
OBOPAY,Fintech,2005,$100.00 Mn+,Bengaluru,"John Tumminaro,Carol Realini",India
OYO,Travel Tech,2012,$3.71 Bn+,Gurugram,Ritesh Agarwal,India
OfBusiness,Ecommerce,2015,$890.13 Mn+,Gurugram,"Asish Mohapatra, Bhuvan Gupta, Nitin Jain, Ruchi Kalra, Vasant Sridhar",India
OkCredit,Fintech,2017,$84.50 Mn+,Bengaluru,"Aditya Prasad, Gaurav Kumar, Harsh Pokharna",India
Ola,Travel Tech,2010,$4.74 Bn+,Bengaluru,"Ankit Bhati, Bhavish Aggarwal",India
Ola Electric,Clean Tech,2017,$1.50 Bn+,Bengaluru,"Anand Shah, Ankit Jain, Bhavish Aggarwal",India
Ola Krutrim,AI,2023,$74.00 Mn+,Bengaluru,Bhavish Aggarwal,India
OneAssist,Fintech,2011,$64.42 Mn+,Mumbai,"Gagan Maini, Subrat Pani",India
OneCard,Fintech,2019,$119.91 Mn+,Pune,"Rupesh Kumar,Anurag Sinha,Vaibhav Hathi",India
Onsurity,Fintech,2020,$61.00 Mn+,Bengaluru,"Kulin Shah, Yogesh Agarwal",India
Open Money,Fintech,2017,$279.08 Mn+,Bengaluru,"Ajeesh Achuthan, Anish Achuthan, Deena Jacob, Mabel Chacko",India
Orange Health,Health Tech,2020,$46.81 Mn+,Bengaluru,"Dhruv Gupta, Tarun Bhambra",India
Origo Commodities,Agritech,2010,$52.80 Mn+,Gurugram,"Jeffrey Hamaoui, Mayank Dhanuka, Sunoor Kaul",India
Otipy,Ecommerce,2020,$69.13 Mn+,Gurugram,"Varun Khurana,Prashant Jain",India
Outzidr,Ecommerce,2024,$3.50 Mn+,Bengaluru,"Nirmal Jain,Mani Kant Mani,Justin Mario",India
Oxyzo,Fintech,2016,$201.14 Mn+,Gurugram,"Asish Mohapatra, Bhuvan Gupta, Ruchi Kalra",India
PAN Health,Ecommerce,2017,$48.34 Mn+,Rajkot,,India
PB Healthcare,Fintech,2025,$218.00 Mn+,Gurugram,Yashish Dahiya,India
PMI Electro Mobility Solutions,Clean Tech,2017,$30.07 Mn+,Dharuhera,Satish Kumar Jain,India
Paper Boat,Ecommerce,2009,$142.06 Mn+,Bengaluru,"James Nuttall, Neeraj Kakkar, Suhas Misra",India
Park+,Travel Tech,2019,$53.15 Mn+,Gurugram,"Amit Lakhotia, Hitesh Gupta",India
Passion Gaming,Media & Entertainment,2015,$37.50 Mn+,Panchkula,"Bobby Garg,Priya Kumar",India
PayMate,Fintech,2006,$45.49 Mn+,Mumbai,Ajay Adiseshann,India
Paytm,Fintech,2009,$4.91 Bn+,Noida,Vijay Shekhar Sharma,India
Paytm Insurance,Fintech,2019,$122.60 Mn+,New Delhi,Vijay Shekhar Sharma,India
Paytm Mall,Ecommerce,2017,$805.00 Mn+,Bengaluru,Vijay Shekhar Sharma,India
PepperTap,,2014,$51.20 Mn+,Gurugram,"Milind Sharma, Navneet Singh",India
Pepperfry,Ecommerce,2012,$305.32 Mn+,Mumbai,"Ambareesh Murty, Ashish Shah",India
Peppermint Robotics,Advanced Hardware & Technology,2019,$4.69 Mn+,Pune,"Miraj C. Vora, Nityanand Prabhutendolkar, Runal Dahiwade",India
Perfios,Fintech,2008,$441.21 Mn+,Bengaluru,"Debasish Chakraborty, V.R. Govindarajan",India
Perkant Tech,Health Tech,2020,$770.08K+,Indore,"Lokant Jain,Saniya Jeswani",India
PhableCare,Health Tech,2018,$39.56 Mn+,Bengaluru,"Mukesh Bansal, Prasanth Reddy, Sumit Sinha",India
PharmEasy,Health Tech,2015,$1.77 Bn+,Mumbai,"Dharmil Sheth, Dhaval Shah, Mikhil Innani, Siddharth Shah",India
PhonePe,Fintech,2015,$2.29 Bn+,Bengaluru,"Burzin Engineer, Rahul Chari, Sameer Nigam",India
PhysicsWallah,Edtech,2016,$310.00 Mn+,Noida,"Alakh Pandey, Prateek Maheshwari",India
Pi Datacenters,Enterprise Tech,2014,$112.72 Mn+,Hyderabad,Kalyan Muppaneni,India
Pickkup,Logistics,2021,$500.00K+,Mohali,"Ankush Sharma, Chandra Shekhar, Upma Sharma",India
Pine Labs,Fintech,1998,$1.59 Bn+,Noida,"Lokvir Kapoor, Rajul Garg, Tarun Upaday",India
Piramal Group,Health Tech,1992,$771.89 Mn+,Mumbai,Ajay Piramal,India
Pixxel,Advanced Hardware & Technology,2018,$97.98 Mn+,Bengaluru,"Awais Ahmed, Kshitij Khandelwal",India
PlayShifu,Edtech,2016,$41.44 Mn+,Bengaluru,"Dinesh Advani, Vivek Goyal",India
Plum,Ecommerce,2013,$49.90 Mn+,Mumbai,Shankar Prasad,India
Pocket FM,Media & Entertainment,2018,$203.40 Mn+,Bengaluru,"Nishanth S., Prateek Dixit, Rohan Nayak",India
PolicyBazaar,Fintech,2008,$942.00 Mn+,Gurugram,"Alok Bansal, Avaneesh Nirjar, Manoj Sharma, Tarun Mathur, Yashish Dahiya",India
Portea Medical,Health Tech,2013,$95.07 Mn+,Bengaluru,"Ganesh Krishnan, Karan Aneja, Manjusha Anumolu, Meena Ganesh, Vaibhav Tewari, Zachary Jones",India
Porter,Logistics,2014,$132.07 Mn+,Bengaluru,"Pranav Goel, Uttam Digga, Vikas Choudhary",India
Posha,Ecommerce,2016,$8.77 Mn+,Bengaluru,"Raghav Gupta,Rohin Malhotra",India
Postman,Enterprise Tech,2014,$433.00 Mn+,Bengaluru,"Abhijit Kane, Abhinav Asthana, Ankit Sobti",India
Power2SME,Ecommerce,2012,$85.38 Mn+,Gurugram,R. Narayan,India
Practo,Health Tech,2008,$228.25 Mn+,Bengaluru,"Abhinav Lal, Shashank ND",India
Pratilipi,Media & Entertainment,2015,$81.73 Mn+,Bengaluru,"Nalinee Choudhary, Prashant Gupta, Rahul Ranjan, Ranjeet Pratap Singh, Sahradayi Modi, Sankaranarayanan Devarajan",India
Pristyn Care,Health Tech,2018,$177.00 Mn+,Gurugram,"Garima Sawhney, Harsimarbir (Harsh) Singh, Vaibhav Kapoor",India
Progcap,Fintech,2016,$112.32 Mn+,New Delhi,"Himanshu Chandra, Pallavi Shrivastava",India
Propelld,Fintech,2017,$37.45 Mn+,Bengaluru,"Bibhu Prasad Das, Brijesh Samantaray, Victor Senapaty",India
PropertyShare,Fintech,2015,$48.79 Mn+,Bengaluru,"Hashim Khan, Kunal Moktan",India
Protectt.ai,Enterprise Tech,2020,$8.70 Mn+,Mumbai,Manish Mimani,India
Public App,Media & Entertainment,2019,$76.30 Mn+,Noida,Azhar Iqubal,India
Pujashree,Consumer Services,2018,$1.50 Mn+,Bengaluru,Abhishek Chaterjee,India
Purple Style Labs,Ecommerce,2015,$78.37 Mn+,Mumbai,Abhishek Agarwal,India
Purplle,Ecommerce,2012,$480.60 Mn+,Mumbai,"Manish Taneja, Rahul Dash",India
Pushp Brand,Ecommerce,1974,$28.43 Mn+,Indore,Late Shri Kishanlalaji Surana,India
Qila Games,Media & Entertainment,2024,$1.00 Mn+,Bengaluru,"Neeraj Mishra,Dhananjai Hari",India
Qtrove,Ecommerce,2016,$51.57 Mn+,Bengaluru,"Vinamra Pandiya,Prashanth Nagarajan",India
Quick Clean,Consumer Services,2010,$6.00 Mn+,Gurugram,Anshul Gupta,India
Quikr,Ecommerce,2008,$440.87 Mn+,Bengaluru,"Jiby Thomas, Pranay Chulet",India
RBL Bank,,1943,$222.85 Mn+,Mumbai,,India
Radiance Renewables,Clean Tech,2018,$90.00 Mn+,Mumbai,"Amit Kumar Mittal, Santosh Pawar",India
Ramco,Enterprise Tech,1992,$104.00 Mn+,Chennai,P.R.Venketrama Raja,India
Rapido,Travel Tech,2015,$506.33 Mn+,Bengaluru,"Aravind Sanka, Pavan Guntupalli, Rishikesh SR",India
Rario,Web3,2021,$120.00 Mn+,Gurugram,"Ankit Wadhwa, Sunny Bhanot",India
RateGain,Enterprise Tech,2004,$236.74 Mn+,Noida,Bhanu Chopra,India
Rays Power Infra,Clean Tech,2011,$50.16 Mn+,Jaipur,"Ketan Mehta, Ketan Mehta",India
Razorpay,Fintech,2014,$741.62 Mn+,Bengaluru,"Harshil Mathur, Shashank Kumar",India
ReNew Energy,Clean Tech,2011,$4.05 Bn+,Gurugram,Sumant Sinha,India
Rebel Foods,Foodtech,2011,$768.00 Mn+,Mumbai,"Jaydeep Barman, Kallol Banerjee",India
Recykal,Clean Tech,2017,$37.19 Mn+,Hyderabad,"Abhay Deshpande, Abhishek Deshpande, Anirudha Jalan, Ekta Narain, Vikram Prabakar",India
Redcliffe Labs,Health Tech,2018,$115.00 Mn+,Noida,"Aditya Kandoi, Ashish Dubey, Dheeraj Jain",India
ReelSaga,Media & Entertainment,2024,$2.10 Mn+,Mumbai,"Shubh Bansal, Shanu Vivek,Ritesh Pandey",India
Refyne,Fintech,2021,$102.10 Mn+,Bengaluru,"Apoorv Kumar, Chitresh Sharma",India
Reliance Jio,Enterprise Services,2010,$17.26 Bn+,Navi Mumbai,Mukesh Ambani,India
Renee Cosmetics,Ecommerce,2019,$48.47 Mn+,Ahmedabad,"Aashka Goradia Goble, Ashutosh Valani, Priyank Shah",India
RenewBuy,Fintech,2015,$133.10 Mn+,Gurugram,"Balachander Sekhar, Devesh Joshi, Harman Preet Singh, Indraneel Chatterjee, Sandeep Nanda",India
RentoMojo,Ecommerce,2014,$85.77 Mn+,Bengaluru,"Achal Mittal, Ajay Nain, Geetansh Bamania",India
ReshaMandi,Ecommerce,2020,$52.65 Mn+,Bengaluru,"Mayank Tiwari, Saurabh Agarwal, Utkarsh Apoorva",India
RevFin,Fintech,2018,$45.86 Mn+,New Delhi,Sameer Aggarwal,India
Rezolv,Fintech,2024,$3.50 Mn+,Mumbai,"Karan Mehta, Sonali Jindal",India
Ripplr,Logistics,2019,$54.93 Mn+,Bengaluru,"Abhishek Nehru, Santosh Dabke",India
River,Clean Tech,2020,$68.00 Mn+,Bengaluru,"Aravind Mani, Vipin George",India
Rivigo,Logistics,2014,$306.79 Mn+,Gurugram,"Deepak Garg, Gazal Kalra",India
Rooter,Media & Entertainment,2016,$44.00 Mn+,New Delhi,"Akshat Goel, Dipesh Agarwal, Piyush Kumar",India
Roposo,Ecommerce,2013,$37.70 Mn+,Bengaluru,"Avinash Saxena, Kaushal Shubhank, Mayank Bhangadia",India
Runnr,Logistics,2015,$27.00 Mn+,Bengaluru,"Aravind Reddy, Arpit Dave, Gnanesh Chillukuri, Mohit Kumar, Mukunda NS, Vatsal singhal",India
Rupeek,Fintech,2015,$216.07 Mn+,Bengaluru,"Amar Prabhu, Ashwin Soni, Sumit Maniyar",India
Rupifi,Fintech,2020,$38.15 Mn+,Bengaluru,"Ankit Singh, Anubhav Jain, Jawaid Iqbal",India
SAEL,Clean Tech,2022,$1.52 Bn+,New Delhi,"Jasbir Awla, Sukhbir Singh Awla",India
SEDEMAC,Deeptech,2007,$107.50 Mn+,Pune,"Amit Dixit, Manish Sharma, Pushkaraj Panse, Shashikanth Suryanarayanan",India
SMAAASH,Media & Entertainment,2011,$75.02 Mn+,Mumbai,Shripal Morakhia,India
SMEcorner,Fintech,2014,$50.32 Mn+,Mumbai,"Samir Bhatia, Sneha Shah",India
SUGAR Cosmetics,Ecommerce,2012,$85.00 Mn+,Mumbai,"Kaushik Mukherjee, Vineeta Singh",India
SUN Mobility,Clean Tech,2017,$75.00 Mn+,Bengaluru,"Ajay Goel, Chetan Maini, Uday Khemka",India
Safe Security,Enterprise Tech,2012,$95.00 Mn+,New Delhi,"Rahul Tyagi, Rahul Tyagi, Saket Modi, Vidit Baxi, Vinu Thomas",India
Sale Assist,Enterprise Tech,2020,$300.00K+,Gurugram,Deep Malik,India
Samunnati,Agritech,2014,$271.93 Mn+,Chennai,Anil Kumar,India
SarvaGram,Fintech,2018,$115.98 Mn+,Pune,"Sameer Mishra, Utpal Isser",India
Sarvam AI,AI,2023,$41.00 Mn+,Bengaluru,"Pratyush Kumar, Vivek Raghavan",India
Satin Creditcare Network,Fintech,1990,$135.00 Mn+,Gurugram,H P Singh,India
Satleo Labs,Advanced Hardware & Technology,2023,$3.30 Mn+,Ahmedabad,"Ranendu Ghosh, Shravan Bhati",India
Satya MicroCapital,Fintech,2017,$217.38 Mn+,New Delhi,,India
Scaler Academy,Edtech,2019,$55.00 Mn+,Bengaluru,"Abhimanyu Saxena, Anshuman Singh",India
Scripbox,Fintech,2012,$55.00 Mn+,Bengaluru,"Atul Shinghal, Manish Dimri, Sanjiv Singhal, Varun Girilal",India
Sense,Enterprise Tech,2016,$89.50 Mn+,Bengaluru,"Alex Rosen, Anil Dharni, Pankaj Jindal, Ram Gudavalli",India
Serentica Renewables,Clean Tech,2022,$1.45 Bn+,Gurugram,Pratik Agarwal,India
Servify,Fintech,2015,$130.10 Mn+,Mumbai,Sreevathsa Prabhakar,India
ShadowFax,Logistics,2015,$216.79 Mn+,Bengaluru,"Abhishek Bansal, Vaibhav Khandelwal",India
ShareChat,Media & Entertainment,2015,$1.24 Bn+,Bengaluru,"Ankush Sachdeva, Bhanu Pratap Singh, Farid Ahsan",India
Shiplog,Logistics,2020,$768.00K+,Gurugram,"Kamal Sharma, Pratik Dasgupta,Shubhangi Pandey",India
Shiprocket,Logistics,2012,$399.40 Mn+,New Delhi,"Akshay Ghulati, Gautam Kapoor, Saahil Goel, Vishesh Khurana",India
ShopKirana,Enterprise Tech,2014,$50.19 Mn+,Indore,"Deepak Dhanotiya, Sumit Ghorawat, Tanutejas Saraswat",India
ShopX,Ecommerce,2015,$63.22 Mn+,Bengaluru,"Amit Sharma, Apoorva Jois",India
Shopclues,Ecommerce,2011,$241.83 Mn+,Gurugram,"Radhika Aggarwal, Sandeep Aggarwal, Sanjay Sethi",India
Shopo,Ecommerce,2011,$100.00 Mn+,Chennai,"Krithika Nelson, Theyagarajan S",India
Shubham Housing Development Finance Company,Fintech,2011,$346.35 Mn+,Gurugram,"Sanjay Chaturvedi,Rupa Basu",India
Shuttl,Travel Tech,2015,$122.14 Mn+,Gurugram,"Amit Singh, Deepanshu Malviya",India
SigTuple,Health Tech,2015,$49.68 Mn+,Bengaluru,"Apurv Anand, Bharath Cheluvaraju, Rohit Kumar Pandey, Tathagato Dastidar",India
Simpl,Fintech,2015,$40.00 Mn+,Bengaluru,"Chaitra Chidanand, Nityanand Sharma",India
Simple Energy,Clean Tech,2019,$61.00 Mn+,Bengaluru,"Hrishikesh Bhargava, Kiran Poojary, Sheetal Shetty, Shreshth Mishra, Suhas Rajkumar",India
Simplilearn,Edtech,2009,$78.00 Mn+,Bengaluru,"Krishna Kumar,Kashyap Dalal,Archana Krishna",India
Skyroot,Advanced Hardware & Technology,2018,$95.09 Mn+,Hyderabad,"Naga Bharath Daka, Pawan Kumar Chandana",India
Slice,Fintech,2016,$380.87 Mn+,Bengaluru,"Deepak Malhotra, Rajan Bajaj",India
Smallcase,Fintech,2015,$112.00 Mn+,Bengaluru,"Anugrah Shrivastava, Rohan Gupta, Vasanth Kamath",India
Smartron,Clean Tech,2014,$200.00 Mn+,Hyderabad,"Mahesh Lingareddy, Narsi Reddy Posham, Rohit Rathi",India
Smartworks,Real Estate Tech,2016,$45.10 Mn+,Gurugram,"Harsh Binani, Neetish Sarda",India
Snapdeal,Ecommerce,2010,$1.78 Bn+,Gurugram,"Kunal Bahl, Rohit Bansal",India
Snapmint,Fintech,2015,$47.90 Mn+,Navi Mumbai,"Anil Gelra, Nalin Agrawal, Rahul Agarwal",India
SolarSquare,Clean Tech,2015,$60.25 Mn+,Mumbai,"Shreya Mishra,Neeraj Jain,Nikhil Nahar",India
Solv,Ecommerce,2019,$134.57 Mn+,Bengaluru,Nitin Mittal,India
Soothe Healthcare,Ecommerce,2012,$54.24 Mn+,New Delhi,Sahil Dharia,India
SpiceJet Limited,Travel Tech,2005,$547.28 Mn+,Gurugram,"Ajay Singh, Bhupendra S. Kansagra",India
Spinny,Ecommerce,2015,$533.20 Mn+,Gurugram,"Ganesh Pawar, Mohit Gupta, Niraj Singh, Ramanshu Mahaur",India
Spyne,Enterprise Tech,2018,$24.20 Mn+,Gurugram,"Deepti Prasad, Sanjay Kumar",India
Square Yards,Real Estate Tech,2014,$78.82 Mn+,Gurugram,"Kanika Gupta, Tanuj Shori",India
StanPlus,Consumer Services,2016,$42.70 Mn+,Hyderabad,"Antoine Poirson, Jose Leon, Prabhdeep Singh",India
Stance Health,Health Tech,2024,$1.00 Mn+,Bengaluru,"Rohit Arora,Ninad Karandikar",India
Stanza Living,Real Estate Tech,2017,$228.32 Mn+,New Delhi,"Anindya Dutta, Sandeep Dalmia",India
Startup Investments Holding,Fintech,2015,$65.49 Mn+,New Delhi,"Sanjeev Bikhchandani, Chintan Arvind Thakkar, Hitesh Oberoi, Mohit Kumar, Chintan Arvind Thakkar, Amit Sharma",India
Stashfin,Fintech,2016,$445.00 Mn+,New Delhi,Tushar Aggarwal,India
Stellapps,Agritech,2011,$58.00 Mn+,Bengaluru,"Jinesh Shah, Praveen Nale, Ramakrishna Adukuri, Ranjith Mukundan, Ravishankar Shiroor, Venkatesh Seshasayee",India
StockGro,Fintech,2020,$72.90 Mn+,Bengaluru,"Ajay Lakhotia, Vijay Lakhotia",India
Sula Vineyards,Ecommerce,2003,$96.98 Mn+,Nashik,Rajeev Samant,India
Sulekha.com,Consumer Services,2007,$44.60 Mn+,Chennai,Satya Prabhakar,India
Sunstone,Edtech,2014,$67.86 Mn+,Gurugram,"Ashish Munjal, Piyush Nangru",India
SuryodayBank,Fintech,2008,$107.76 Mn+,Navi Mumbai,Baskar Babu,India
Svatantra,Fintech,2012,$247.78 Mn+,Mumbai,Ananya Birla,India
Swiggy,Foodtech,2014,$3.58 Bn+,Bengaluru,"Nandan Reddy, Rahul Jaimini, Sriharsha Majety",India
Swish Club,Enterprise Tech,2023,$5.77 Mn+,Bengaluru,"Dushyant Sapre, Jai Anand, Suraj Kumar",India
Table Space,Real Estate Tech,2017,$300.00 Mn+,Bengaluru,Amit Banerji,India
TakeMe2Space,Advanced Hardware & Technology,2023,$631.10K+,Hyderabad,Ronak Kumar Samantray,India
TaxiForSure,Travel Tech,2011,$44.00 Mn+,Bengaluru,"Aprameya Radhakrishna, Raghunandan G",India
Teachmint,Enterprise Tech,2020,$118.00 Mn+,Bengaluru,"Anshuman Kumar, Divyansh Bordia, Mihir Gupta, Payoj Jain",India
That Sassy Thing,Ecommerce,2021,$702.68K+,New Delhi,"Sachee Malhotra,Himanshu Bhalla",India
The Bear House,Ecommerce,2017,$350.05K+,Bengaluru,"Tanvi Somaiya, Alka Jayesh Somaiya, Harsh Somaiya",India
The Sleep Company,Ecommerce,2019,$45.18 Mn+,Mumbai,"Harshil Salot, Priyank Goyal",India
Third Wave Coffee,Ecommerce,2016,$62.00 Mn+,Bengaluru,"Anirudh Sharma, Ayush Bathwal, Sushant Goel",India
Tonbo Imaging,Enterprise Tech,2012,$25.50 Mn+,Bengaluru,"Ankit Kumar, Arvind Lakshmikumar, Cecilia DâÃÃ´Souza, Sudeep George",India
Toothsi,Health Tech,2018,$86.99 Mn+,Mumbai,"Anirudha Kale, Arpi Mehta, Manjul Jain, Pravin Shetty",India
Toppr,Media & Entertainment,2013,$114.75 Mn+,Mumbai,"Hemanth Goteti, Zishaan Hayath",India
TravelTriangle,Travel Tech,2011,$47.70 Mn+,Gurugram,"Prabhat Gupta, Sanchit Garg, Sankalp Agarwal",India
Treebo Hotels,Travel Tech,2015,$85.04 Mn+,Bengaluru,"Kadam Jeet Jain, Rahul Chaudhary, Sidharth Gupta",India
Trell,Ecommerce,2016,$63.64 Mn+,Bengaluru,"Arun Lodhi, Bimal Kartheek Rebba, Prashant Sachan, Pulkit Agrawal",India
Triotech,Fintech,2009,$83.00 Mn+,Gurugram,"Munish Dhingra, Rajesh Kaul",India
Troovy,Ecommerce,2021,$2.90 Mn+,Gurugram,"Aditya Mukherjee, Mansi Baranwal",India
True Balance,Fintech,2014,$169.04 Mn+,Gurugram,"Cheolwon Lee, Jay Yi, Martin Lee",India
Turtlemint,Fintech,2015,$197.00 Mn+,Thane,"Anand Prabhudesai, Dhirendra Mahyavanshi, Kunal Shah",India
Tvaster Genkalp,Health Tech,2021,$1.25 Mn+,Chennai,"Dr. Srikar Raman,K. Sreedurgalakshmi",India
Twenty Two Motors,Clean Tech,2016,$66.60 Mn+,Gurugram,"Parveen Kharb, Vijay Chandrawat",India
U Gro Capital,Fintech,1993,$480.19 Mn+,Mumbai,SHACHINDRA NATH,India
Udaan,Ecommerce,2016,$2.06 Bn+,Bengaluru,"Amod Malviya, Sujeet Kumar, Vaibhav Gupta",India
Ujjivan Small Finance Bank,Fintech,2017,$120.97 Mn+,Bengaluru,Samit Ghosh,India
Ultrahuman,Health Tech,2020,$52.50 Mn+,Bengaluru,"Mohit Kumar, Vatsal singhal",India
Ultraviolette Automotive,Clean Tech,2016,$69.90 Mn+,Bengaluru,"Narayan Subramaniam, Niraj Rajmohan",India
Ummeed Housing Finance,Fintech,2016,$242.64 Mn+,Gurugram,Ashutosh Sharma,India
Unacademy,Edtech,2015,$838.50 Mn+,Bengaluru,"Gaurav Munjal, Hemesh Singh, Roman Saini, Sachin Gupta",India
Uni Cards,Fintech,2020,$94.80 Mn+,Bengaluru,"Laximikant Vyas, Nitin Gupta, Prateek Jindal",India
Uni Seoul,Ecommerce,2023,$585.70K+,Pune,"Gaurav Karmani,Mohit Khurana",India
Uniphore,Enterprise Tech,2008,$652.92 Mn+,Chennai,"Ravi Saraogi, Umesh Sachdev",India
UpScalio,Ecommerce,2021,$57.50 Mn+,Gurugram,"Gautam Kshatriya, Nitin Agarwal, Saaim Khan",India
Upstox,Fintech,2009,$60.25 Mn+,Mumbai,"Kavitha Subramanian, Raghu Kumar, Ravi Kumar, Shrinivas Viswanath",India
Urban Company,Consumer Services,2014,$453.52 Mn+,Gurugram,"Abhiraj Singh Bhal, Raghav Chandra, Varun Khaitan",India
Urban Ladder,Ecommerce,2012,$115.90 Mn+,Bengaluru,"Ashish Goel, Rajiv Srivatsa",India
Utkarsh Small Finance Bank,Fintech,2016,$79.60 Mn+,Varanasi,Govind Singh,India
Vahdam Teas,Ecommerce,2015,$38.71 Mn+,New Delhi,Bala Sarda,India
Varthana,Fintech,2013,$150.93 Mn+,Bengaluru,"Brajesh Mishra, Steve Hardgrave",India
Vastu Housing Finance,Fintech,2015,$779.96 Mn+,Mumbai,Sandeep Menon,India
Vaya,Consumer Services,2025,$1.50 Mn+,New Delhi,"Maahin Puri,Nitesh Kumar Niranjan",India
Vayana Network,Fintech,2016,$98.08 Mn+,Bengaluru,"H Srikrishnan, Ramaswamy Iyer",India
Vayudh,Advanced Hardware & Technology,2016,$10.00 Mn+,New Delhi,"Tanmay Bunkar,Anuj Barnwal,Sarita Ahlawat",India
VeGrow,Agritech,2020,$86.50 Mn+,Bengaluru,"Kiran Naik, Mrudhukar Batchu, Praneeth Kumar, Shobhit Jain",India
Vedantu,Edtech,2011,$321.62 Mn+,Bengaluru,"Anand Prakash, Pulkit Jain, Saurabh Saxena, Vamsi Krishna",India
Veranda Learning,Edtech,2018,$50.96 Mn+,Chennai,Suresh Kalpathi,India
Veritas Finance,Fintech,2015,$341.79 Mn+,Chennai,Arulmany Duraisamy,India
Vimano,Clean Tech,2019,$2.90 Mn+,Bengaluru,"Murari Ramkumar,Nagesh Kini",India
Vini Cosmetics,Ecommerce,2009,$173.64 Mn+,Ahmedabad,Darshan Patel,India
Virgio,Ecommerce,2022,$44.18 Mn+,Bengaluru,Amar Nagaram,India
Visit Health,Enterprise Tech,2016,$37.50 Mn+,Noida,"Anurag Prasad, Chetan Anand, Shashvat Tripathi, Vaibhav Singh",India
Vistaar Finance,Fintech,2010,$81.96 Mn+,Bengaluru,"Brahmanand Hegde,Ramakrishna Nishthala",India
Vividobots,Advanced Hardware & Technology,2021,$173.81K+,Chennai,"Balasubramaniyan M S, Dhinesh Babu, Kesavaraj S, Velmurugan B",India
Vivifi India,Fintech,2016,$75.00 Mn+,Hyderabad,"Anil K Pinapala, Srinath Kompella",India
Vivriti Capital,Fintech,2017,$192.70 Mn+,Chennai,"Aniket Deshpande, Gaurav Kumar, Irfan Mohammed, Soumendra Ghosh, Vineet Sukumar",India
Vogo,Travel Tech,2016,$191.03 Mn+,Bengaluru,"Anand Ayyadurai, Balakrishnan Padmanabhan, Sanchit Mittal",India
Voonik,Ecommerce,2013,$34.50 Mn+,Bengaluru,"Navaneetha Krishnan, Sujayath Ali",India
Vridhi Home Finance,Fintech,2022,$54.92 Mn+,Bengaluru,"Sunil Mehta,Sunil Mehta,Sunil Mehta,Sunil Mehta",India
WOW Skin Science,Ecommerce,2014,$98.00 Mn+,Bengaluru,"Karan Chowdhary, Manish Chowdhary",India
Wakefit,Ecommerce,2014,$148.04 Mn+,Bengaluru,"Ankit Garg, Chaitanya Ramalingegowda",India
Walmart India,Ecommerce,2009,$37.68 Mn+,Gurugram,Krish Iyer,India
WayCool,Agritech,2015,$280.86 Mn+,Chennai,"Karthik Jayaraman, Sanjay Dasari",India
WeRize,Fintech,2019,$25.77 Mn+,Bengaluru,"Himanshu gupta, Vishal Chopra",India
WeWork India,Real Estate Tech,2017,$222.41 Mn+,Bengaluru,Karan Virwani,India
Webscale,Enterprise Tech,2013,$52.00 Mn+,Bengaluru,"Jay Smith, Robert Shires, Vladimir Shestak",India
Wendor,Foodtech,2017,$2.50 Mn+,Gurugram,"Ayush Pahwa, Chaitanya Marwaha, Harsh Gautam, Lakshit Anand",India
Whatfix,Enterprise Tech,2013,$264.70 Mn+,Bengaluru,"Khadim Batti, Varakumar Namburu",India
WinZO,Media & Entertainment,2018,$110.50 Mn+,New Delhi,"Paavan Nanda, Saumya Singh Rathore",India
Wingreens Farms,Ecommerce,2011,$53.87 Mn+,Gurugram,"Anju Srivastava,Arjun Srivastava",India
Wiz Freight,Logistics,2019,$53.63 Mn+,Chennai,"Ramkumar Govindarajan, Ramkumar Ramachandran",India
Wooden Street,Ecommerce,2015,$77.15 Mn+,Jaipur,"Dinesh Pratap, Lokendra Ranawat, Vikas Baheti, Virendra Ranawat",India
Wow! Momo,Foodtech,2008,$135.66 Mn+,Kolkata,"Binod Kumar Homagai, Sagar Daryani, Shah Miftaur Rahman",India
Wrogn,Ecommerce,2012,$66.27 Mn+,Bengaluru,"Anjana Reddy,Vikram Reddy",India
Xpressbees,Logistics,2015,$630.37 Mn+,Pune,Amitava Saha,India
Yalo,Enterprise Tech,2015,$93.00 Mn+,Mumbai,"Javier Mata, Renato Barrios",India
Yatra,Travel Tech,2006,$151.56 Mn+,Gurugram,"Dhruv Shringi, Manish Amin, Sabina Chopra",India
Yepme,Ecommerce,2008,$76.00 Mn+,Gurugram,"Anand Jadhav, Sandeep Sharma, Vivek Gaur",India
Yubi,Fintech,2020,$227.00 Mn+,Chennai,Gaurav Kumar,India
Yulu,Travel Tech,2017,$129.15 Mn+,Bengaluru,"Amit Gupta, Anuj Tewari, Hemant Gupta, Naveen Dachuri, RK Misra",India
Zaggle,Fintech,2011,$45.44 Mn+,Hyderabad,Raj P Narayanam,India
Zealopia Technologies,Health Tech,2023,,Jalgoan,Ajinkya Bhasme,India
Zebu,Advanced Hardware & Technology,2021,$1.00 Mn+,Hyderabad,Santosh Balajee Banisetty,India
Zenoti,Enterprise Tech,2010,$331.00 Mn+,Hyderabad,"Dheeraj Koneru,Sudheer Koneru",India
Zenwork,Fintech,2011,$163.00 Mn+,Hyderabad,"REKHA SINGH, SANJEEV SINGH",India
Zeotap,Enterprise Tech,2014,$92.20 Mn+,Bengaluru,"Daniel Heer, Oliver Kanders, Projjol Banerjea, Stephan Schwebe",India
Zepto,Consumer Services,2021,$1.95 Bn+,Bengaluru,"Aadit Palicha, Kaivalya V.",India
ZestMoney,Fintech,2015,$120.10 Mn+,Bengaluru,"Ashish Anantharaman, Lizzie Chapman, Priya Sharma",India
Zeta,Fintech,2015,$390.00 Mn+,Bengaluru,"Bhavin Turakhia, Ramki Gaddipati",India
Zetwerk,Enterprise Tech,2018,$863.82 Mn+,Bengaluru,"Amrit Acharya, Rahul Sharma, Srinath Ramakkrushnan, Vishal Chaudhary",India
Zinier,Enterprise Tech,2017,$120.00 Mn+,Bengaluru,"Andrew Wolf, Arka Dhar",India
ZipGo,Travel Tech,2015,$58.03 Mn+,Gurugram,"Gaurav Agarwal, Jitender Sharma, Neeraj Paliwal, Pritesh Gupta",India
Zivame,Ecommerce,2011,$58.60 Mn+,Bengaluru,"Kapil Karekar, Richa Kar",India
Zo Rooms,Travel Tech,2014,$45.00 Mn+,New Delhi,"Abhishek Bhutra, Akhil Malik, Chetan Chauhan, Dharamveer Chauhan, Paavan Nanda, Siddharth Janghu, Tarun Tiwari",India
ZoloStays,Real Estate Tech,2015,$98.00 Mn+,Bengaluru,"Akhil Sikri, Isha Choudhry, Nikhil Sikri, Sneha Choudhry",India
Zolve,Fintech,2020,$155.00 Mn+,Bengaluru,Raghunandan G,India
Zomato,Foodtech,2008,$4.59 Bn+,Gurugram,"Deepinder Goyal, Pankaj Chaddah,Gaurav Gupta,Gunjan Patidar",India
ZoomCar,Travel Tech,2012,$256.47 Mn+,Bengaluru,"David Back, Greg Moran",India
ZoomIn,Ecommerce,2007,$94.60 Mn+,Mumbai,"Arun Benty, Ketan Sanghvi, Phiroze Havaldar, Rohit Regonayak, Sunny Rao",India
Zopper,Fintech,2011,$125.00 Mn+,Noida,"Mayank Gupta, Neeraj Jain, Surjendu Kuila",India
Zupee,Media & Entertainment,2018,$121.00 Mn+,Gurugram,"Dilsher Singh, Siddhant Saurabh",India
Zuppa,Advanced Hardware & Technology,2012,$153.76K+,Chennai,"Sai Pattabiram, Venkatesh Sai",India
Zypp Electric,Logistics,2017,$55.50 Mn+,Gurugram,"Akash Gupta, Rashi Agarwal, Tushar Mehta",India
apna,Consumer Services,2019,$193.45 Mn+,Bengaluru,Nirmit Parikh,India
axiTrust,Fintech,2024,$2.57 Mn+,Mumbai,"Aditya Tulsian,Mukund Daga,Rajeev Chari",India
boAt,Ecommerce,2016,$176.23 Mn+,Gurugram,"Aman Gupta, Sameer Mehta",India
cult.fit,Health Tech,2016,$760.65 Mn+,Bengaluru,"Ankit Nagori, Mukesh Bansal",India
girnarsoft,Enterprise Tech,2007,$158.65 Mn+,Jaipur,"Amit Jain, Anurag Jain",India
iBus,Enterprise Tech,2010,$71.92 Mn+,Bengaluru,"Ram Sellaratnam, Sunil Menon, Subash Vasudevan",India
iD Fresh Food,Ecommerce,2006,$99.20 Mn+,Bengaluru,"Abdul Nazer, Jafar TK, Noushad TA, PC Musthafa, Shamsudeen TK",India
iHub Robotics,Advanced Hardware & Technology,2022,$520.00K+,Kochi,"Athil Krishna, Sarath S",India
iNurture,Enterprise Tech,2005,$42.96 Mn+,Bengaluru,"Ashwin Ajila, R Lakshminarayanan",India
ideaForge,,2007,$40.37 Mn+,Mumbai,"Ankit Mehta, Ashish Bhat, Rahul Singh, Vipul Joshi",India
ixigo,Travel Tech,2006,$96.50 Mn+,Gurugram,"Aloke Bajpai, Dharmendra Yashovardhan, Rajnish Kumar",India
mFine,Health Tech,2017,$96.79 Mn+,Bengaluru,"Ajit Narayanan, Arjun Choudhary, Ashutosh Lawania, Prasad Kompalli",India
upGrad,Edtech,2015,$766.91 Mn+,Mumbai,"Mayank Kumar, Phalgun Kompalli, Ravijot Chugh, Ronnie Screwvala",India
