name,sector,founded,headquarters,founders,country,amount_raised_inr
10Club,Ecommerce,2021,Bengaluru,"Bhavna Suresh Chatambeth, Deepak Nair",India,"Rs 5,810,000,000.0"
1K Kirana Bazaar,Ecommerce,2018,Gurugram,"Abhishek Halder, Anilesh Yadav, Kumar Sangeetesh, Manish Kutaula, Sachin Sharma",India,"Rs 5,062,170,000.0"
1MG,Health Tech,2015,Gurugram,"Akash Deep Singhal, Gaurav Agarwal, Prashant Tandon, Vikas Chauhan",India,"Rs 15,803,200,000.0"
ACME Solar,Clean Tech,2003,Gurugram,Manoj Upadhyay,India,"Rs 56,132,900,000.0"
ACT Fibernet,Enterprise Tech,2008,Bengaluru,Sunder Raju,India,"Rs 41,500,000,000.0"
AU Small Finance Bank,Fintech,2017,Jaipur,Sanjay Agarwal,India,"Rs 45,006,750,000.0"
Aadhar Housing Finance,Fintech,2010,Mumbai,Kapil Wadhawan,India,"Rs 6,225,000,000.0"
Aakash Educational Services,Edtech,1988,New Delhi,"Aakash Chaudhry, J. C. Chaudhry",India,"Rs 40,726,440,000.0"
Aavas Financiers,Fintech,2011,Jaipur,Sushil Kumar Agarwal,India,"Rs 6,518,820,000.0"
Absolute,Agritech,2015,New Delhi,Agam Khare,India,"Rs 8,487,580,000.0"
Accion Labs,Enterprise Tech,2011,Mumbai,"Kinesh Doshi,Sandesh Sukumaran,Tony Kernan",India,"Rs 7,719,000,000.0"
Accumax,Health Tech,2003,Gandhinagar,"Chirag Shah,Tejas Shah",India,"Rs 5,644,000,000.0"
Ace Turtle,Enterprise Tech,2014,Bengaluru,"Berry Singh, Nitin Chhabra",India,"Rs 4,018,030,000.0"
Acko,Fintech,2016,Bengaluru,"Ruchi Deepak, Varun Dua",India,"Rs 49,385,000,000.0"
AdOnMo,Enterprise Tech,2017,Hyderabad,"Sandeep Bommireddi, Sravanth Gajula",India,"Rs 4,150,000,000.0"
Adda247,Edtech,2016,Gurugram,"Anil Nagar, Saurabh Bansal",India,"Rs 5,063,000,000.0"
Aequs,Enterprise Services,2006,Belgaum,Aravind Melligeri,India,"Rs 6,756,200,000.0"
Agilitas Sports,Ecommerce,2023,Bengaluru,"Abhishek Ganguly,Amit Prabhu,Atul Baja",India,"Rs 5,312,830,000.0"
Agnikul,Advanced Hardware & Technology,2017,Chennai,"Moin SPM, Satyanarayanan Chakravarthy, Srinath Ravichandran",India,"Rs 5,082,920,000.0"
AgroStar,Agritech,2013,Pune,"Shardul Sheth, Sitanshu Sheth",India,"Rs 9,254,500,000.0"
Aknamed,Enterprise Tech,2018,Bengaluru,"Mayank Kapoor, Saurabh Pandey, Varun Vohra",India,"Rs 4,703,610,000.0"
Alienkind,Foodtech,2024,Bengaluru,"Vikram Kakkireni,Abhishek Kumar",India,"Rs 99,600,000.0"
Altigreen,Clean Tech,2013,Bengaluru,"Amitabh Saran, Lasse Moklegaard, Shalendra Gupta",India,"Rs 3,461,930,000.0"
Altum Credo,Fintech,2016,Pune,"Ashish Tiwari, Ganesh Rao, Vikrant Bhagwat",India,"Rs 5,114,460,000.0"
Amagi,Media & Entertainment,2008,Bengaluru,"Baskar Subramanian, Srinivasan KA, Srividhya Srinivasan",India,"Rs 28,651,600,000.0"
Ambit Finvest,Fintech,2006,Mumbai,Sanjay Agarwal,India,"Rs 4,133,400,000.0"
Amicco,Ecommerce,2024,Gurugram,Vivek Aalok,India,"Rs 83,000,000.0"
AmpIn Energy Transition,Clean Tech,2016,New Delhi,Pinaki Bhattacharyya,India,"Rs 36,378,900,000.0"
Antithesis,Ecommerce,2024,New Delhi,Aparna Saxena,India,
AppsForBharat,Consumer Services,2020,Bengaluru,Prashant Sachan,India,"Rs 3,115,820,000.0"
Ariisto,Real Estate Tech,2006,Andheri,Madhur Gupta,India,"Rs 10,707,000,000.0"
Arohan Financial,Fintech,2006,Kolkata,"Shubhankar Sengupta, Vineet Rai",India,"Rs 5,316,150,000.0"
Arrivae,Real Estate Tech,2017,Mumbai,Yash Kela,India,"Rs 2,173,770,000.0"
Arva Health,Health Tech,2022,Bengaluru,"Dipalie Bajaj, Nidhi Panchmal",India,"Rs 83,000,000.0"
Arvind Internet,Enterprise Tech,1931,Ahmedabad,"Arvind Narottambhai Lalbhai, Kasturbhai Lalbhai",India,"Rs 12,001,800,000.0"
Arya.Ag,Agritech,1982,Noida,"Prasanna Rao,Anand Chandra,Chattanathan Devarajan",India,"Rs 9,871,190,000.0"
Aryaka,Enterprise Tech,2009,Bengaluru,"Ajit Gupta, Ashwath Nagaraj, Rajeev Bharadhwaj",India,"Rs 14,525,000,000.0"
Arzooo,Ecommerce,2018,Bengaluru,"Khushnud Khan, Rishi Raj Rathore",India,"Rs 7,013,500,000.0"
Asirvad Microfinance,Fintech,2007,Chennai,S V Raja Vaidyanathan,India,"Rs 4,420,580,000.0"
AskMyGuru,Consumer Services,2024,Bengaluru,"Krishna Mohan Vedula,Vivek Sadamate",India,"Rs 99,600,000.0"
Ather Energy,Clean Tech,2013,Bengaluru,"Swapnil Jain, Tarun Mehta",India,"Rs 52,365,530,000.0"
Atomberg Technology,Ecommerce,2012,Navi Mumbai,"Manoj Meena, Sibabrata Das",India,"Rs 10,498,670,000.0"
Attero,Clean Tech,2008,Noida,Nitin Gupta,India,"Rs 3,104,200,000.0"
AutoGrid,Enterprise Tech,2011,Bengaluru,Amit Narayan,India,"Rs 13,363,000,000.0"
Auxilo,Fintech,2017,Mumbai,Malala Yousafzai,India,"Rs 6,730,470,000.0"
Avail Finance,Fintech,2017,Bengaluru,"Ankush Aggarwal, Tushar Mehndiratta",India,"Rs 3,398,850,000.0"
Avanse Financial Services,Fintech,2013,Mumbai,Amit Gainda,India,"Rs 27,563,470,000.0"
Avanti Finance,Fintech,2017,Bengaluru,"Nandan Nilekani, Ratan Tata",India,"Rs 6,742,090,000.0"
Avataar,AI,2014,Bengaluru,"Gaurav Baid, Mayank Tiwari, Prashanth Aluru, Sravanth Aluru",India,"Rs 4,316,000,000.0"
Avendus Wealth Management,,1999,Mumbai,,India,"Rs 12,571,180,000.0"
Avi Networks,Enterprise Tech,2012,Bengaluru,"Murali Basavaiah,Ranga Rajagopalan",India,"Rs 7,719,000,000.0"
Aviom India Housing Finance,Fintech,2016,New Delhi,"Kajal Ilmi,Samir Malik",India,"Rs 5,707,910,000.0"
Awfis,Real Estate Tech,2015,New Delhi,Amit Ramani,India,"Rs 11,172,630,000.0"
Awign,Consumer Services,2016,Bengaluru,"Annanya Sarthak, Gurpreet Singh, Praveen Sah",India,"Rs 3,731,680,000.0"
Axis Bank,,1994,Mumbai,,India,"Rs 150,230,000,000.0"
Ayana Renewable Power,Clean Tech,2017,Bengaluru,Shivanand Nimbargi,India,"Rs 59,760,000,000.0"
Aye Finance,Fintech,2014,Gurugram,"Sanjay Sharma, Vikram Jetley",India,"Rs 41,361,390,000.0"
Ayu Health,Health Tech,2019,Bengaluru,"Arjit Gupta, Himesh Joshi, Karan Gupta",India,"Rs 3,178,900,000.0"
BUGWORKS Research,Health Tech,2014,Bengaluru,"Anand Anandkumar, Bala Subramanian",India,"Rs 3,559,870,000.0"
BYJU'S,Edtech,2011,Bengaluru,"Byju Raveendran, Divya Gokulnath",India,"Rs 495,510,000,000.0"
Bacca Bucci,Ecommerce,2012,New Delhi,"Anuj Nevatia, Natwar Agrawal",India,"Rs 207,500,000.0"
Bachatt,Fintech,2024,New Delhi,"Ankur Jhavery, Anugrah Jain",India,"Rs 332,000,000.0"
BankBazaar,Fintech,2008,Chennai,"Adhil Shetty, Arjun Shetty, Rati Shetty",India,"Rs 10,541,000,000.0"
Battery Smart,Clean Tech,2019,Gurugram,"Pulkit Khurana, Siddharth Sikka",India,"Rs 11,544,470,000.0"
BeastLife,Ecommerce,2024,Gurugram,"Gaurav Taneja, Raj Gupta",India,
Beat22,Media & Entertainment,2019,Gurugram,Kanav Singh Mehra,India,
BeatO,Health Tech,2015,New Delhi,"Abhishek Kumar, Gautam Chopra, Kunal Kinalekar, Yash Sehgal",India,"Rs 3,950,800,000.0"
Better Nutrition,Ecommerce,2023,Lucknow,"Aishwarya Bhatnagar, Prateek Rastogi",India,"Rs 96,280,000.0"
BetterPlace,Enterprise Tech,2015,Bengaluru,"Pravin Agarwala, Saurabh Tandon",India,"Rs 7,477,470,000.0"
Bewakoof,Ecommerce,2012,Bengaluru,"Prabhkiran Singh, Shakeef Khan",India,"Rs 4,102,690,000.0"
Bhagva,Consumer Services,2022,New Delhi,Jagriti Motwani,India,"Rs 83,000,000.0"
BharatPe,Fintech,2018,Gurugram,"Ashneer seth Grover, Bhavik Koladiya, Shashvat Nakrani",India,"Rs 70,291,870,000.0"
BigBasket,Consumer Services,2011,Bengaluru,"Abhinay Choudhari, Hari Menon, Vipul Parekh, VS Ramesh, VS Sudhakar",India,"Rs 125,330,000,000.0"
Bijnis,Enterprise Tech,2015,New Delhi,"Chaitanya Rathi, Shubham Agarwal, Siddharth Rastogi, Siddharth Vij",India,"Rs 3,604,690,000.0"
Bike Bazaar,Ecommerce,2017,Pune,"Karunakaran Vadakkepat,Srinivas Kantheti",India,"Rs 8,680,970,000.0"
BillDesk,Fintech,2000,Mumbai,"Ajay Kaushal, Karthik Ganapathy, Srinivasu (Vasu) MN",India,"Rs 25,522,500,000.0"
Biorad Medisys,Health Tech,2007,Pune,"Suchitra Hegde, J M Hegde",India,"Rs 4,589,070,000.0"
Bira 91,Ecommerce,2015,New Delhi,Ankur Jain,India,"Rs 20,976,590,000.0"
Biryani Blues,Foodtech,2011,Gurugram,"Aparna Andrews,Raymond Andrews",India,"Rs 996,000,000.0"
Biryani By Kilo,Foodtech,2015,Gurugram,"Kaushik Roy, Ritesh Sinha, Vishal Jindal",India,"Rs 4,418,920,000.0"
Bizongo,Enterprise Tech,2015,Mumbai,"Aniket Deb, Ankit Tomar, Sachin Agrawal",India,"Rs 26,071,130,000.0"
BlackBuck,Enterprise Tech,2015,Bengaluru,"Chanakya Hridaya, Rajesh Yabaji, Ramasubramaniam B",India,"Rs 31,634,620,000.0"
Blaize,Advanced Hardware & Technology,2010,Hyderabad,"Dinakar Munagala, Ke Yin, Satyaki Koneru, Val Cook",India,"Rs 20,086,000,000.0"
Blinkit,Consumer Services,2013,Gurugram,"Albinder Dhindsa, Saurabh Kumar",India,"Rs 65,083,620,000.0"
BluSmart,Travel Tech,2019,Gurugram,"Anmol Jaggi, Puneet Jaggi, Punit Goyal",India,"Rs 15,110,150,000.0"
Blue Tokai Coffee Roasters,Ecommerce,2013,Gurugram,"Matt Chitharanjan, Namrata Asthana, Shivam Shahi",India,"Rs 5,983,470,000.0"
BlueStone,Ecommerce,2011,Bengaluru,Gaurav Kushwaha,India,"Rs 18,592,830,000.0"
Bobble AI,Media & Entertainment,2015,Gurugram,"Ankit Prasad, Mohd Wassem, Rahul Prasad",India,"Rs 4,309,360,000.0"
Bombay Shaving Company,Ecommerce,2015,Gurugram,"Deepu Panicker, Raunak Munot, Rohit Jaiswal, Shantanu Deshpande",India,"Rs 4,047,910,000.0"
BookMyShow,Media & Entertainment,2007,Mumbai,"Ashish Hemrajani, Parikshit Dar, Rajesh Balpande",India,"Rs 18,633,500,000.0"
Borzo,Logistics,2012,Mumbai,"Aleks Shamis, Dmitry Zubkov, Mike Alexandrovski",India,"Rs 4,569,150,000.0"
Bounce,Clean Tech,2014,Bengaluru,"Anil G, Varun Agni, Vivekananda Hallekere",India,"Rs 19,435,280,000.0"
Bower School of Entrepreneurship,Edtech,2024,Hyderabad,Pavan Allena,India,"Rs 110,390,000.0"
Bright Money,Fintech,2019,Bengaluru,"Alexander Seyfert, Amit Bendale, Avi Patchava, Avinash Ramakanth, Petko Plachkov, Varun Modi",India,"Rs 7,719,000,000.0"
BrightChamps,Edtech,2020,Hyderabad,"Ravi Bhushan Kumar,Sitakanta Ray",India,"Rs 5,229,000,000.0"
Broadway,Ecommerce,2023,Mumbai,"Vivek Biyani,Rana Daggubati,Anuj Kejriwal,Apurva Salarpuria",India,
Brookfield India,Fintech,2021,Gurugram,Alok Aggrawal,India,"Rs 34,468,240,000.0"
BrowserStack,Enterprise Tech,2011,Mumbai,"Nakul Aggarwal, Ritesh Arora",India,"Rs 20,750,000,000.0"
Builder.ai,Enterprise Tech,2012,Gurugram,"Sachin Dev Duggal, Saurabh Dhoot",India,"Rs 31,498,500,000.0"
CASHe,Fintech,2016,Mumbai,V. Raman Kumar,India,"Rs 2,133,930,000.0"
CRED,Fintech,2018,Bengaluru,Kunal Shah,India,"Rs 76,489,480,000.0"
CallHealth,Health Tech,2015,Hyderabad,Sandhya Raju,India,"Rs 3,703,460,000.0"
Canpac Trends,Logistics,2011,Ahmedabad,Nilesh Todi,India,"Rs 4,075,300,000.0"
Capillary Technologies,Enterprise Tech,2012,Bengaluru,"Ajay Modani, Aneesh Reddy, Krishna Mehra",India,"Rs 20,044,500,000.0"
Capital Float,Fintech,2013,Bengaluru,"Gaurav Hinduja, Sashank Rishyasringa",India,"Rs 19,376,350,000.0"
Captain Fresh,Ecommerce,2019,Bengaluru,Utham Gowda,India,"Rs 20,296,820,000.0"
Capture Solar Energy Limited,Clean Tech,2013,Pune,Raju Shivaji Bhosale,India,"Rs 10,375,000,000.0"
CarDekho,Ecommerce,2008,Jaipur,"Amit Jain, Anurag Jain",India,"Rs 57,444,300,000.0"
CarTrade,Ecommerce,2006,Mumbai,Vinay Sanghi,India,"Rs 25,797,230,000.0"
Caratlane,Ecommerce,2008,Chennai,"Avnish Anand, Gurukeerthi Gurunathan, Mithun Sacheti, Srinivasa Gopalan",India,"Rs 5,411,600,000.0"
Cars24,Ecommerce,2015,Gurugram,"Gajendra Jangid, Mehul Agrawal, Ruchit Agarwal, Vikram Chopra",India,"Rs 107,900,000,000.0"
Cashfree Payments,Fintech,2015,Bengaluru,"Akash Sinha, Reeju Datta",India,"Rs 7,805,320,000.0"
Cashify,Ecommerce,2009,Gurugram,"Amit Sethi, Mandeep Manocha, Nakul Kumar, Siddhant Dhingra",India,"Rs 18,468,330,000.0"
Catalogus,Enterprise Tech,2023,Gurugram,"Himanshu Dikshit, Ankit Samria, Vipin Singh",India,
Chaayos,Ecommerce,2012,New Delhi,"Nitin Saluja, Raghav Verma",India,"Rs 7,829,390,000.0"
Chai Point,Ecommerce,2010,Bengaluru,"Amuleek Singh Bijral, Gaganjot Kaur",India,"Rs 4,560,850,000.0"
Chalo,Travel Tech,2014,Navi Mumbai,"Dhruv Chopra, Mohit Dubey, Nikhil Aggarwal, Priya Singh, Vinayak Bhavnani",India,"Rs 11,972,750,000.0"
ChargeBee,Fintech,2011,Chennai,"KP Saravanan, Krish Subramanian, Rajaraman Santhanam, Thiyagarajan Thiyagu",India,"Rs 38,891,310,000.0"
ChargeZone,Clean Tech,2018,Vadodara,Kartikey Hariyani,India,"Rs 7,147,130,000.0"
Chingari,Media & Entertainment,2018,Bengaluru,"Aditya Kothari, Biswatma Nayak, Deepak Salvi, Sumit Gosh",India,"Rs 7,332,220,000.0"
Citrus Payment Solutions,Fintech,2011,Mumbai,"Amrish Rau, Jitendra Gupta, Satyen V Kothari",India,"Rs 2,697,500,000.0"
CityMall,Ecommerce,2019,Gurugram,"Angad Kikla, Divij Goyal, Naisheel Verdhan",India,"Rs 9,279,400,000.0"
Classplus,Enterprise Tech,2018,Noida,"Bhaswat Agarwal, Mukul Rustagi",India,"Rs 13,140,560,000.0"
Clear,Fintech,2011,Bengaluru,"Archit Gupta,Ankit Solanki,Anupam Mediratta,Srivatsan Chari",India,"Rs 11,649,880,000.0"
Cleartrip,Travel Tech,2006,Bengaluru,"Hrush Bhatt, Matthew Spacie, Stuart Crighton",India,"Rs 4,432,200,000.0"
Clix Capital,Fintech,2016,Gurugram,"Anil Chawla, Pramod Bhasin",India,"Rs 17,612,600,000.0"
Clove Dental,Health Tech,2011,New Delhi,Amar Singh,India,"Rs 9,711,000,000.0"
Cogoport,Logistics,2016,Gurugram,"Amitabh Shankar, Anurag Dabral, Harsh Kumar, Kunal Rathod, Nishant Dalmia, Shekhar Purnendu",India,"Rs 11,089,630,000.0"
CoinDCX,Fintech,2018,Mumbai,"Neeraj Khandelwal, Sumit Gupta",India,"Rs 20,251,170,000.0"
CoinSwitch,Fintech,2017,Bengaluru,"Ashish Singhal, Govind Soni, Vimal Sagar Tiwari",India,"Rs 24,900,000,000.0"
CollegeDekho,Edtech,2015,Gurugram,"Ruchir Arora,Saurabh Jain,Rohit Saha",India,"Rs 7,714,020,000.0"
CommonFloor,Real Estate Tech,2007,Bengaluru,"Lalit Mangal, Sumit Jain, Vikas Malpani",India,"Rs 5,220,700,000.0"
Country Delight,Ecommerce,2015,Gurugram,"Chakradhar Gade, Nitin Kaushal",India,"Rs 17,465,690,000.0"
Coursera,Edtech,2012,Gurugram,"Andrew Ng, Daphne Koller",India,"Rs 36,777,300,000.0"
Coverfox Insurance,Fintech,2013,Mumbai,"Devendra Rane, Varun Dua",India,"Rs 4,882,890,000.0"
CraftsVilla,Ecommerce,2011,Mumbai,"Bhavik Jhaveri, Manoj Gupta, Monica Gupta, Sarvajeet Chandra",India,"Rs 4,440,500,000.0"
CredAble,Fintech,2017,Mumbai,"Nirav Choksi, Rajiv Ramnarayan, Ram Kewalramani",India,"Rs 5,968,530,000.0"
CredResolve,Fintech,2023,Bengaluru,"Balaji Koustubha, Dhiraj Chiruvella, G Prashanth Kumar, Vijay Kumar",India,"Rs 93,790,000.0"
Credgenics,Fintech,2018,Noida,"Anand Agrawal, Mayank Khera,Rishabh Goel",India,"Rs 6,789,400,000.0"
CropIn,Enterprise Tech,2010,Bengaluru,"Krishna Kumar, Mouhiit Mohan",India,"Rs 3,658,640,000.0"
CueMath,Edtech,2013,Bengaluru,Manan Khurma,India,"Rs 10,097,780,000.0"
Cura Care,Health Tech,2024,Bengaluru,"Abhinav Kumar, Chinmay Mittal, Paminder Singh",India,
Curefoods,Foodtech,2020,Bengaluru,Ankit Nagori,India,"Rs 15,882,050,000.0"
Cygnus Medicare,Health Tech,2011,New Delhi,"Naveen Nischal, Shuchin Bajaj, Sunil Bhayana",India,"Rs 2,313,210,000.0"
DB Realty,Real Estate Tech,2007,Mumbai,"Shahid Balwa, Vinod Goenka",India,"Rs 25,641,190,000.0"
DMI Finance,Fintech,2008,New Delhi,"Shivashish Chatterjee, Yuvraja C Singh",India,"Rs 93,790,000,000.0"
DailyHunt,Media & Entertainment,2007,Bengaluru,"Chandu Sohoni, Umang Bedi, Umesh Kulkarni, Virendra Gupta",India,"Rs 141,930,000,000.0"
DarwinBox,Enterprise Tech,2015,Hyderabad,"Chaitanya Peddi, Jayant Paleti, Rohit Chennamaneni",India,"Rs 9,586,500,000.0"
DeCharge,Clean Tech,2024,Hyderabad,"Mohan Ponnada,Prakash Kamaraj,Rama Krishna",India,"Rs 207,500,000.0"
DeHaat,Agritech,2012,Gurugram,"Abhishek Dokania, Adarsh Srivastava, Amrendra Singh, Shashank Kumar, Shyam Sundar Singh",India,"Rs 23,596,070,000.0"
DealShare,Ecommerce,2018,Bengaluru,"Rajat Shikhar, Sankar Bora, Sourjyendu Medda, Vineet Rao",India,"Rs 36,820,460,000.0"
Delhivery,Logistics,2011,Gurugram,"Bhavesh Manglani, Kapil Bharati, Mohit Tandon, Sahil Barua, Suraj Saharan",India,"Rs 114,540,000,000.0"
Design Cafe,Real Estate Tech,2016,Bengaluru,"Gita Ramanan, Shezan Bhojani",India,"Rs 4,846,370,000.0"
Detect Technologies,Enterprise Tech,2016,Chennai,"Daniel Raj David, Harikrishnan Arangali Shaji, Karthik Rajasekaran, Tarun Mishra",India,"Rs 3,594,730,000.0"
Dezerv,Fintech,2021,Mumbai,"Sahil Contractor, Sandeep Jethwani, Vaibhav Porwal",India,"Rs 4,980,000,000.0"
Digit Insurance,Fintech,2016,Bengaluru,Kamesh Goyal,India,"Rs 45,030,820,000.0"
Disprz,Enterprise Tech,2015,Chennai,"Kuljit Chadha, Subramanian Viswanathan",India,"Rs 4,352,520,000.0"
DocPrime,Health Tech,2018,Gurugram,Yashish Dahiya,India,"Rs 4,150,000,000.0"
DocsApp,Health Tech,2015,Bengaluru,"Enbasekar Dinadayalane, Satish Kannan",India,"Rs 3,949,140,000.0"
DotPe,Enterprise Tech,2019,Gurugram,"Anurag Gupta, Gyanesh Sharma, Shailaz Nag",India,"Rs 7,760,500,000.0"
Doubtnut,Edtech,2016,Gurugram,"Aditya Shankar, Ravi Sekhar KV, Tanushree Nagori",India,"Rs 4,344,220,000.0"
Dream11,Media & Entertainment,2008,Mumbai,"Harsh Jain,Bhavit Sheth",India,"Rs 129,480,000,000.0"
Dreamtime Learning,Edtech,2022,Mumbai,Lina Ashar,India,
Drip Capital,Fintech,2015,Mumbai,"Neil Kothari, Pushkar Mukewar",India,"Rs 33,864,000,000.0"
Drive FITT,Health Tech,2024,Noida,"Deke Smith, Mark Sellar, Preity G Zinta, Shubman Gill,Vikram Aditya Bhatia",India,
Drivezy,Travel Tech,2015,Bengaluru,"Abhishek Mahajan, Amit Sahu, Ashwarya Singh, Hemant Kumar Sah, Vasant Verma",India,"Rs 12,383,600,000.0"
Drools,Ecommerce,2009,Rajnandgaon,Fahim Sultan,India,"Rs 4,960,080,000.0"
Droom,Ecommerce,2014,Gurugram,Sandeep Aggarwal,India,"Rs 24,568,000,000.0"
Druva,Enterprise Tech,2008,Pune,"Jaspreet Singh, Milind Borate, Ramani Kothandaraman",India,"Rs 39,425,000,000.0"
Dunzo,Consumer Services,2015,Bengaluru,"Ankur Aggarwal, Dalvir Suri, Kabeer Biswas, Mukund Jha",India,"Rs 40,259,980,000.0"
Dvara KGFS,Fintech,2011,Chennai,"Bindu Ananth, Samar Shah",India,"Rs 8,326,560,000.0"
Dynolt Technologies,Clean Tech,2022,Bengaluru,"Rajesh Sura, Teja Kumar Balivada",India,"Rs 141,100,000.0"
E2E Networks,Enterprise Tech,2009,New Delhi,Tarun Dua,India,"Rs 4,158,300,000.0"
Easy Home Finance,Fintech,2017,Mumbai,"Hrishikesh Gandhi, Rohit Chokhani",India,"Rs 4,148,340,000.0"
EatClub Brands,Foodtech,2012,Mumbai,"Amit Raj, Anshul Gupta",India,"Rs 8,745,710,000.0"
EbixCash,Fintech,2002,Noida,Robin Raina,India,"Rs 4,299,400,000.0"
Ecom Express,Logistics,2012,Gurugram,"K. Satyanarayana, Manju Dhawan, Sanjeev Saxena, T. A. Krishnan",India,"Rs 22,774,370,000.0"
Ecozen Solutions,Clean Tech,2010,Pune,"Devendra Gupta, Prateek Singhal, Vivek Pandey",India,"Rs 7,868,400,000.0"
Educational Initiatives,Enterprise Tech,2001,Bengaluru,"Sridhar Rajagopal, Srini Raghavan",India,"Rs 3,737,490,000.0"
Eduvanz,Fintech,2016,Mumbai,"Atul Sashittal, Raheel Shah, Varun Chopra",India,"Rs 4,037,120,000.0"
Eightfold AI,Enterprise Tech,2016,Bengaluru,"Ashutosh Garg, Varun Kacholia",India,"Rs 32,453,000,000.0"
Elara Technologies,Real Estate Tech,2013,Gurugram,"Manoj Thandassery, Vinod Abraham",India,"Rs 11,205,000,000.0"
ElasticRun,Ecommerce,2016,Pune,"Sandeep Deshmukh, Saurabh Nigam, Shitiz Bansal",India,"Rs 38,354,300,000.0"
Electronic Payment and Services,Fintech,2011,Mumbai,"Mani Mamallan,Sanjay Kapoor,Vidya Mamallan",India,"Rs 2,988,000,000.0"
Embibe,Edtech,2012,Bengaluru,Aditi Avasthi,India,"Rs 23,611,840,000.0"
Eon Space Labs,Advanced Hardware & Technology,2021,Hyderabad,"Punit Badeka, Manoj Kumar, Sanjay Kumar",India,"Rs 99,600,000.0"
Epigamia,Ecommerce,2015,Mumbai,"Ganesh Krishnamoorthy, Milap Shah, Rahul Jain, Rohan Mirchandani, Uday Thakker",India,"Rs 4,987,470,000.0"
Equitas Small Finance Bank,Fintech,2007,Chennai,P.N Vasudevan,India,"Rs 15,716,050,000.0"
Eruditus Executive Education,Edtech,2010,Mumbai,"Ashwin Damera, Chaitanya Kalipatnapu",India,"Rs 108,730,000,000.0"
Euler Motors,Clean Tech,2018,New Delhi,Saurav Kumar,India,"Rs 12,411,820,000.0"
Even,Health Tech,2020,Bengaluru,"Alessandro Davide Ialongo, Matilde Giglio, Mayank Banerjee",India,"Rs 5,847,350,000.0"
Everest Fleet,Logistics,2016,Thane,"Amar Kerkar, Anand Chheda, Himani Ladsariya, Monil Sheth, Prihaans Dedhiya, Shivang Unadkat, Siddharth Ladsariya",India,"Rs 4,741,790,000.0"
Exotel,Enterprise Tech,2011,Bengaluru,"Ishwar Sridharan, Shivakumar Ganesan, Siddharth Ramesh, Vijay Sharma",India,"Rs 7,228,470,000.0"
Exponent Energy,Clean Tech,2020,Bengaluru,"Arun Vinayak, Sanjay Byalal Jagannath",India,"Rs 3,677,730,000.0"
Eye-Q India,Health Tech,2007,Gurugram,"Ajay Sharma, Rajat Goel",India,"Rs 3,154,000,000.0"
Ezetap,Fintech,2011,Bengaluru,"Abhijit Bose, Alfredo Ruiz LÃ³pez, Bala Parthasarathy, Bhaktha Keshavachar, Shripati Acharya",India,"Rs 4,233,000,000.0"
FINO PayTech,Fintech,2017,Mumbai,Rishi Gupta,India,"Rs 4,365,800,000.0"
FPL Technologies,Fintech,2019,Pune,"Anurag Sinha, Rupesh Kumar, Vibhav Hathi",India,"Rs 21,055,440,000.0"
Faasos,Foodtech,2011,Pune,"Kallol Banerjee, Jaydeep Barman",India,"Rs 7,843,500,000.0"
FabHotels,Travel Tech,2014,Gurugram,"Adarsh Manpuria, Vaibhav Aggarwal",India,"Rs 5,614,950,000.0"
FamPay,Fintech,2019,Bengaluru,"Kush Taneja, Sambhav Jain",India,"Rs 3,544,100,000.0"
FanClash,Media & Entertainment,2020,Gurugram,"Richa Singh, Rishabh Bhansali",India,"Rs 4,191,500,000.0"
FarEye,Logistics,2013,Noida,"Gaurav Srivastava, Kushal Nahata,Gautam Kumar",India,"Rs 12,891,560,000.0"
FarMart,Ecommerce,2015,Gurugram,"Alekh Sanghera, Lokesh Singh, Mehtab Singh Hans",India,"Rs 3,926,730,000.0"
Fashinza,Enterprise Tech,2020,Gurugram,"Abhishek Sharma, Pawan Gupta",India,"Rs 12,891,560,000.0"
Fashion & You,Ecommerce,2009,Gurugram,"Rahul Narvekar,Pearl Uppal, Gaurav Kachru",India,"Rs 6,009,200,000.0"
FastFox,Real Estate Tech,2014,Gurugram,"Anshul Gupta, Mukul Bhati, Pallav Pandey",India,"Rs 5,492,940,000.0"
Feline Spirits,Ecommerce,2019,New Delhi,"Prabhat Sharma,Rohit Saxena",India,
Fi.Money,Fintech,2019,Bengaluru,"Sujith Narayanan, Sumit Gwalani",India,"Rs 11,371,000,000.0"
Fibe,Fintech,2015,Pune,"Akshay Mehrotra, Ashish Goyal",India,"Rs 19,361,410,000.0"
Fincare,Fintech,2007,Bengaluru,Rajeev Yadav,India,"Rs 9,438,760,000.0"
Finodaya Capital,Fintech,2024,Indore,"Neeraj Biyani, Abhitabh Dixit,Lokendra Tomar",India,"Rs 207,500,000.0"
Finova Capital,Fintech,2015,Jaipur,"Mohit Sahney, Sunita Sahney",India,"Rs 22,908,000,000.0"
Firefly Diamonds,Ecommerce,2023,Mumbai,"Adit Bhansali,Aayush Bhansali",India,"Rs 249,000,000.0"
FirstCry,Ecommerce,2010,Pune,"Amitava Saha, Prashant Jadhav, Sanskriti Hattimattur, Supam Maheshwari",India,"Rs 93,790,000,000.0"
Fisdom,Fintech,2015,Bengaluru,"Anand Dalmia, Ramganesh Iyer, Subramanya S.V.",India,"Rs 3,506,750,000.0"
Flexiloans,Fintech,2016,Mumbai,"Abhishek Kothari, Deepak Jain, Manish Lunia, Ritesh Jain",India,"Rs 15,184,020,000.0"
Flipkart,Ecommerce,2007,Bengaluru,"Binny Bansal, Sachin Bansal",India,"Rs 1,162,830,000,000.0"
FloBiz,Fintech,2019,Bengaluru,"Aditya Naik, Rahul Raj, Rakesh Yadav",India,"Rs 3,650,340,000.0"
Foodpanda India,Foodtech,2012,Bengaluru,"Rohit Chadda, Saurabh Kochhar",India,"Rs 9,130,000,000.0"
Fourth Partner Energy,Clean Tech,2010,Hyderabad,"Saif Dhorajiwala, Vikas Saluguti, Vivek Subramanian",India,"Rs 53,092,610,000.0"
Foxtale,Ecommerce,2021,Mumbai,Romita Mazumdar,India,"Rs 5,571,790,000.0"
Fraazo,Ecommerce,2018,Mumbai,"Aashish Krishnatre, Atul Kumar, Sumit Rai, Vikas Dosala",India,"Rs 5,229,830,000.0"
Fractal Analytics,Enterprise Tech,2000,Mumbai,"Pranay Agrawal, Srikanth Velamakanni,Nirmal Palaparthi,Pradeep Suryanarayan,Ramakrishna Reddy",India,"Rs 56,855,000,000.0"
FreeCharge,Fintech,2010,Gurugram,"Kunal Shah, Sandeep Tandon",India,"Rs 14,462,750,000.0"
FreshMenu,Foodtech,2014,Bengaluru,Rashmi Daga,India,"Rs 3,102,540,000.0"
FreshToHome,Ecommerce,2015,Bengaluru,Shan Kadavil,India,"Rs 31,291,000,000.0"
Freshworks,Enterprise Tech,2010,Chennai,"Girish Mathrubootham, Shan Krishnasamy, Vijay Shankar",India,"Rs 40,172,000,000.0"
Furlenco,Ecommerce,2012,Bengaluru,Ajith Karimpana,India,"Rs 22,366,010,000.0"
Fusion Microfinance,Fintech,2009,New Delhi,"Ashish Tiwari, Devesh Sachdev",India,"Rs 19,045,180,000.0"
G.O.A.T Brand Labs,Ecommerce,2021,Bengaluru,"Rameswar Misra, Rishi Vasudev",India,"Rs 8,878,510,000.0"
GIVA,Ecommerce,2019,Bengaluru,"Ishendra Agarwal, Nikita Prasad, Raghvendra Agarwal, Sachin Shetty",India,"Rs 7,475,810,000.0"
GMW,Clean Tech,2021,Hyderabad,"Rahul Gayam, Raja Gayam, Sri Harsha Bavirisetty",India,"Rs 4,150,000,000.0"
GOPIZZA,Foodtech,2017,Bengaluru,Jae Won Lim,India,"Rs 3,166,450,000.0"
GPS Renewables,Clean Tech,2012,Bengaluru,"Mainak Chakraborty, Sreekrishna Sankar",India,"Rs 4,331,770,000.0"
Gaana,Media & Entertainment,2010,Noida,"Avinash Mudaliar, Jai Thade",India,"Rs 17,114,600,000.0"
Games24x7,Media & Entertainment,2006,Mumbai,"Bhavin Pandya, Trivikraman Thampy",India,"Rs 6,225,000,000.0"
Generico,Health Tech,2017,Mumbai,"Siddharth Gadia,Girish Agarwal",India,"Rs 3,717,570,000.0"
GetVantage,Fintech,2019,Mumbai,"Amit Srivastava, Bhavik Vasa, Sachin Tagra",India,"Rs 3,403,000,000.0"
Glance,Enterprise Tech,2019,Bengaluru,"Abhay Singhal, Mohit Saxena, Naveen Tewari, Piyush Shah",India,"Rs 32,370,000,000.0"
GlobalBees,Ecommerce,2021,New Delhi,"Nitin Agarwal, Supam Maheshwari",India,"Rs 23,204,310,000.0"
GoKwik,Enterprise Tech,2020,New Delhi,"Ankush Talwar, Chirag Taneja, Vivek Bajpai",India,"Rs 4,602,350,000.0"
GoMechanic,Consumer Services,2016,Gurugram,"Amit Bhasin, Kushal Karwa, Nitin Rana, Rishabh Karwa",India,"Rs 5,720,360,000.0"
GoTrust,Enterprise Tech,2023,Noida,Himanshu Gautam,India,
GoWork India,Real Estate Tech,2017,Gurugram,Nimit Mahajan,India,"Rs 4,399,000,000.0"
Good Glamm Group,Ecommerce,2021,New Delhi,"Naiyya Saggi,Darpan Sanghvi, Priyanka Gill",India,"Rs 17,762,000,000.0"
Goomo,Travel Tech,2006,Mumbai,"Varun Gupta,Sanjeev Sreedharan",India,"Rs 4,150,000,000.0"
Green Grahi,Health Tech,2021,New Delhi,"Shivali Sugand, Siddharth Sharma",India,"Rs 308,760,000.0"
GreenCell Mobility,Travel Tech,2019,Mumbai,Ashok Agarwal,India,"Rs 37,982,460,000.0"
GreyOrange,Logistics,2012,Gurugram,"Akash Gupta, Samay Kohli",India,"Rs 35,532,300,000.0"
Groww,Fintech,2016,Bengaluru,"Harsh Jain, Ishan Bansal Dean, Lalit Keshre, Neeraj Singh",India,"Rs 32,635,600,000.0"
Gupshup,Enterprise Tech,2004,New Delhi,"Beerud Sheth, Rakesh Mathur",India,"Rs 39,881,500,000.0"
Haber,Enterprise Tech,2017,Pune,"Prashun Purkayastha, Priya Venkat, Vipin Raghavan",India,"Rs 5,399,980,000.0"
HackerRank,Edtech,2012,Bengaluru,"Harishankaran Karunanidhi, Vivek Ravisankar",India,"Rs 9,163,200,000.0"
Happiest Minds Technologies,Enterprise Services,2011,Bengaluru,"Ashok Soota, Aurobinda Nanda, Joseph Anantharaju, Salil Godika",India,"Rs 8,791,360,000.0"
Happilo,Ecommerce,2016,Bengaluru,Vikas D Nahar,India,"Rs 3,212,930,000.0"
HappyEasyGo,Travel Tech,2017,Gurugram,"Boris Zha,Vivek Prabhakar",India,"Rs 4,116,800,000.0"
Hasura,Enterprise Tech,2017,Bengaluru,"Rajoshi Ghosh, Tanmai Gopal",India,"Rs 11,329,500,000.0"
Heads Up For Tails,Ecommerce,2008,Gurugram,"Rashi Narang, Ridhima Coelho, Sandeep Atmaram",India,"Rs 4,150,000,000.0"
Health Care At Home India,Health Tech,2012,Noida,Vivek Srivastava,India,"Rs 4,670,410,000.0"
HealthKart,Ecommerce,2011,Gurugram,"Chella Pandyan, Sameer Maheshwari",India,"Rs 29,125,530,000.0"
HealthPlix,Enterprise Tech,2014,Bengaluru,"Raghuraj Sunder Raju, Sandeep Gudibanda",India,"Rs 3,708,440,000.0"
HealthifyMe,Health Tech,2012,Bengaluru,"Mathew Cherian, Sachin Shenoy, Tushar Vashisht",India,"Rs 12,450,000,000.0"
Hero Future Energies,Clean Tech,2012,New Delhi,Sunil Jain,India,"Rs 60,175,000,000.0"
Hike,Media & Entertainment,2012,New Delhi,Kavin Bharti Mittal,India,"Rs 21,663,000,000.0"
Holisol,Enterprise Tech,2009,New Delhi,"Manish Ahuja, Naveen Rawat, Rahul Dogar",India,"Rs 2,266,730,000.0"
HomeLane,Real Estate Tech,2014,Bengaluru,"Rama Harinath, Srikanth Iyer, Tanuj Choudhry, Vivek Parasuram",India,"Rs 13,019,380,000.0"
Hopscotch,Ecommerce,2012,Mumbai,Rahul Anand,India,"Rs 5,893,000,000.0"
Hotstar,Media & Entertainment,2000,Mumbai,Nagabhushan Ramappa,India,"Rs 18,821,080,000.0"
Housing,Real Estate Tech,2012,Gurugram,"Abhimanyu Dhamija, Abhishek Anand, Advitiya Sharma, Amrit Raj, Neeraj Bhunwal, Rahul Yadav, Ravish Naresh, Rishabh Agrawal, Sanat Ghosh, Saurabh Goyal, Snehil Buxy, Vaibhav Tolia",India,"Rs 12,269,890,000.0"
Hubilo,Enterprise Tech,2020,Ahmedabad,"Mayank Agarwal, Vaibhav Jain",India,"Rs 12,708,130,000.0"
Hungama,Media & Entertainment,1999,Mumbai,Neeraj Roy,India,"Rs 13,695,000,000.0"
HungerBox,Enterprise Tech,2015,Bengaluru,"Sandipan Mitra, Uttam Kumar",India,"Rs 3,624,610,000.0"
IDfy,Enterprise Tech,2011,Mumbai,"Ashok Hariharan, Hatim Baheranwala, Vineet Jawa",India,"Rs 4,561,680,000.0"
IIFL Finance,,1995,Mumbai,,India,"Rs 14,525,000,000.0"
IPEC,Clean Tech,2017,Bengaluru,,India,"Rs 249,000,000.0"
IVANA Jewels,Ecommerce,2023,Surat,Ayushi Jindal,India,
Ibibo Group,Travel Tech,2007,Gurugram,Ashish Kashyap,India,"Rs 20,750,000,000.0"
Icertis,Enterprise Tech,2009,Pune,"Monish Darda, Samir Bodas",India,"Rs 42,828,000,000.0"
Impact Analytics,Enterprise Tech,2015,Bengaluru,Prashant Agrawal,India,"Rs 5,125,250,000.0"
InCred,Fintech,2016,Mumbai,Bhupinder Singh,India,"Rs 31,019,590,000.0"
InMobi,Enterprise Tech,2007,Bengaluru,"Abhay Singhal, Amit Gupta, Mohit Saxena, Naveen Tewari, Piyush Shah",India,"Rs 34,868,300,000.0"
IndMoney,Fintech,2019,Gurugram,Ashish Kashyap,India,"Rs 12,772,870,000.0"
IndeWild,Ecommerce,2021,Mumbai,"Diipa Khosla, Oleg Eh Buller",India,"Rs 664,000,000.0"
IndiQube,Real Estate Tech,2015,Bengaluru,"Meghna Agarwal, Rishi Das",India,"Rs 3,760,730,000.0"
IndiaHomes,Real Estate Tech,2007,New Delhi,Samarjit Singh,India,"Rs 6,621,740,000.0"
IndiaMART,Ecommerce,1999,Noida,Dinesh Agarwal,India,"Rs 2,559,720,000.0"
Indian School Finance Company,Fintech,2008,New Delhi,Samir Mehra,India,"Rs 2,988,000,000.0"
Indifi Technologies,Fintech,2015,Gurugram,"Alok Mittal, Siddharth Mahanot, Sundeep Sahi",India,"Rs 9,973,280,000.0"
Industrybuying,Ecommerce,2013,New Delhi,"Rahul Gupta, Swati Gupta",India,"Rs 3,303,400,000.0"
Infinity Fincorp Solutions,Fintech,2016,Mumbai,Shrikant Ravalkar,India,"Rs 5,727,000,000.0"
Infra.Market,Real Estate Tech,2016,Thane,"Aaditya Sharda, Souvik Sengupta",India,"Rs 40,158,720,000.0"
InnerGize,Health Tech,2023,New Delhi,"Dr Siddhant Bhargava,Shalmali Kadu,Mitansh Khurana",India,
Innovaccer,Enterprise Tech,2014,Noida,"Abhinav Shashank, Kanav Hasija, Sandeep K Gupta",India,"Rs 55,294,600,000.0"
Innoviti,Fintech,2002,Bengaluru,"Amrita Malik, Rajeev Agrawal",India,"Rs 8,313,280,000.0"
Inshorts,Media & Entertainment,2013,Noida,"Anunay Pandey, Azhar Iqubal, Deepit Purkayastha",India,"Rs 13,722,390,000.0"
Instawork,Consumer Services,2015,Bengaluru,"Saureen Shah, Sumir Meghani",India,"Rs 11,454,000,000.0"
InsuranceDekho,Fintech,2016,Gurugram,"Ankit Agrawal, Ish Babbar",India,"Rs 29,880,000,000.0"
InterviewBit,Edtech,2015,Bengaluru,"Abhimanyu Saxena, Anshuman Singh",India,"Rs 5,395,000,000.0"
Irame.ai,Enterprise Tech,2023,Gurugram,"Ajay Mudhai,Kapil Arora",India,"Rs 83,000,000.0"
Iyaso,Edtech,2023,Pune,Viraj Kulkarni,India,
JSW Ventures,,1982,Mumbai,,India,"Rs 12,585,290,000.0"
Jabong.com,Ecommerce,2011,Gurugram,"Arun Chandramohan, Manu Jain, Mukul Bafana, Praveen Sinha",India,"Rs 3,942,500,000.0"
Jai Kisan,Fintech,2017,Mumbai,"Adriel Maniego, Arjun Ahluwalia",India,"Rs 7,362,100,000.0"
Jana Small Finance Bank,Fintech,2018,Bengaluru,Ramesh Ramanathan,India,"Rs 49,110,270,000.0"
Jar App,Fintech,2021,Bengaluru,"Misbah Ashraf, Nishchay AG",India,"Rs 9,268,610,000.0"
Jasper,Travel Tech,2014,New Delhi,Sanjay Kumar Thakur,India,"Rs 4,150,000,000.0"
JetSynthesys,Media & Entertainment,2014,Pune,Rajan Navani,India,"Rs 3,488,490,000.0"
JioSaavn,Media & Entertainment,2007,Mumbai,"Rishi Malhotra,Anjali Jindal Naik,Anurag Gupta,Paramdeep Singh",India,"Rs 8,300,000,000.0"
Jumbotail,Ecommerce,2015,Bengaluru,"Ashish Jhina, Karthik Venkateswaran",India,"Rs 13,924,080,000.0"
Juniper Green Energy,Clean Tech,2018,Gurugram,Naresh Mansukhani,India,"Rs 29,050,000,000.0"
Jupiter,Fintech,2019,Mumbai,"Jitendra Gupta,Vishnu Jerome",India,"Rs 14,232,840,000.0"
Juspay,Fintech,2012,Bengaluru,"Ramanathan RV, Vimal Kumar",India,"Rs 7,255,860,000.0"
Just Buy Live,Ecommerce,2015,Mumbai,"Bharat Balachandran, Sahil Sani",India,"Rs 9,960,000,000.0"
Just Dial,Consumer Services,1996,Mumbai,"Ramani Iyer, V.S.S. Mani",India,"Rs 9,417,180,000.0"
K-12 Techno Services,Edtech,2012,Bengaluru,"Venkata Narayana,MSC Srikanth",India,"Rs 6,804,340,000.0"
Kabira Mobility,Clean Tech,2019,Verna,"Akash Siwach, Jaibir Siwach",India,"Rs 4,150,000,000.0"
Kaleidofin,Fintech,2017,Chennai,"Puneet Gupta, Sucharita Mukherjee",India,"Rs 3,874,440,000.0"
Kapiva,Ecommerce,2016,Bengaluru,"Ameve Sharma, Shrey Badhani",India,"Rs 4,274,500,000.0"
Karbon Card,Fintech,2019,Bengaluru,"Amit Jangir, Bo Li, Kartik Jain, Pei-fu Hsieh, Sunil Kumar",India,"Rs 3,179,730,000.0"
Keka HR,Enterprise Tech,2015,Hyderabad,Vijay Yalamanchili,India,"Rs 4,863,800,000.0"
Khatabook,Fintech,2018,Bengaluru,"Ashish Sonone, Dhanesh Kumar, Jaideep Poonia, Ravish Naresh, Vaibhav Kalpe",India,"Rs 15,479,500,000.0"
Kinara Capital,Fintech,2011,Bengaluru,Hardika Shah,India,"Rs 14,399,670,000.0"
Kissht,Fintech,2015,Mumbai,"Krishnan Vishwanathan, Ranvir Singh",India,"Rs 11,830,820,000.0"
Kitchens@,Consumer Services,2018,Bengaluru,Junaiz Kizhakkayil,India,"Rs 6,859,120,000.0"
Knowlarity Communications,Enterprise Tech,2009,Gurugram,"Ambarish Gupta, Pallav Pandey",India,"Rs 3,527,500,000.0"
Konect U,Edtech,2022,Mumbai,Kevin Lewis,India,
Koo App,Media & Entertainment,2020,Bengaluru,"Aprameya Radhakrishna, Mayank Bidawatka",India,"Rs 5,009,050,000.0"
Koovs,Ecommerce,2009,Bengaluru,"Amit Shukla, Kanishk Shukla, Manish Tewari",India,"Rs 3,569,000,000.0"
KorinMi,Health Tech,2024,Gurugram,"Reshbha Munjal,Jenovia Daun Jung",India,
Kraftshala,Edtech,2017,New Delhi,"Eshu Sharma, Varun Satia",India,
KrazyBee,Fintech,2016,Bengaluru,"Karthikeyan Krishnaswamy, Madhusudan Ekambaram",India,"Rs 5,189,990,000.0"
KreditBee,Fintech,2018,Bengaluru,"Karthikeyan Krishnaswamy, Madhusudan Ekambaram, Vivek Veda",India,"Rs 30,099,950,000.0"
Kuku FM,Media & Entertainment,2018,Mumbai,"Lal Chand Bisu, Vikas Goyal, Vinod Kumar Meena",India,"Rs 5,959,400,000.0"
Kyte,Media & Entertainment,2018,Mumbai,"Dhanesh Kumar, Jaideep Poonia, Ravish Naresh",India,"Rs 6,763,670,000.0"
LAT Aerospace,Advanced Hardware & Technology,2025,New Delhi,"Surabhi Das,Deepinder Goyal",India,"Rs 1,660,000,000.0"
LEAD School,Enterprise Tech,2012,Mumbai,"Smita Deorah, Sumeet Mehta",India,"Rs 15,125,090,000.0"
Lal Sweets,Ecommerce,2010,Bengaluru,Prateek Athwani,India,"Rs 3,263,560,000.0"
LambdaTest,Enterprise Tech,2017,Noida,"Asad Khan, Jay Singh, Mayank Bhola",India,"Rs 8,964,000,000.0"
Laurus Labs,Health Tech,2005,Hyderabad,Satyanarayana Chava,India,"Rs 12,292,300,000.0"
LeadSquared,Enterprise Tech,2011,Bengaluru,"Nilesh Patel, Prashant Singh,Sudhakar Gorti",India,"Rs 15,604,000,000.0"
Leads Connect,Agritech,2009,Noida,Navneet Ravikar,India,"Rs 5,003,240,000.0"
Leap,Edtech,2019,Bengaluru,"Arnav Kumar, Vaibhav Singh",India,"Rs 12,657,500,000.0"
Leap India,Logistics,2013,Mumbai,Sunu Mathew,India,"Rs 15,344,210,000.0"
Lehlah,Media & Entertainment,2022,Mumbai,Ashna Ruia,India,"Rs 121,180,000.0"
Lendingkart,Fintech,2014,Ahmedabad,"Harshvardhan Lunia, Mukul Sachan",India,"Rs 28,250,710,000.0"
LensKart,Ecommerce,2008,Gurugram,"Amit Chaudhary, Peyush Bansal, Sumeet Kapahi",India,"Rs 145,250,000,000.0"
Lentra,Fintech,2019,Pune,"Ankur Handa, Dasharathi Venkatesh",India,"Rs 8,192,100,000.0"
LetsTransport,Logistics,2015,Bengaluru,"Ankit Parasher, Pushkar Singh, Sudarshan Ravi",India,"Rs 6,859,120,000.0"
Leverage Edu,Edtech,2017,New Delhi,Akshay Chaturvedi,India,"Rs 6,081,410,000.0"
Licious,Ecommerce,2015,Bengaluru,"Abhay Hanjura, Varun Sadana, Vivek Gupta",India,"Rs 46,000,260,000.0"
LifeCell International,Health Tech,2004,Chennai,S Abhaya Kumar,India,"Rs 3,495,960,000.0"
Lighthouse PropTech,Real Estate Tech,2023,Mumbai,"Sumesh Mishra,Murtuza Contractor",India,"Rs 83,000,000.0"
LimeRoad,Ecommerce,2012,Gurugram,"Ankush Mehra, Manish Saksena, Prashant Malik, Suchi Mukherjee",India,"Rs 4,274,500,000.0"
Little,Ecommerce,2015,Bengaluru,"Manish Chopra, Satish Mani",India,"Rs 4,150,000,000.0"
Livpure,Ecommerce,2010,Gurugram,"Navneet Kapoor, Rakesh Malhotra, Rs Rajan",India,"Rs 3,634,570,000.0"
Livspace,Real Estate Tech,2015,Bengaluru,"Anuj Srivastava, Ramakant Sharma, Saurabh Jain",India,"Rs 35,970,540,000.0"
LoadShare Networks,Logistics,2017,Bengaluru,"Pramod Nair, Raghuram Talluri, Rakib Ahmed, Tanmoy Karmakar",India,"Rs 4,930,200,000.0"
Loco,Media & Entertainment,2017,Bengaluru,"Abhishek Madhavan, Anirudh Pandita, Ashwin Suresh, Chetan Dembre, Firasat Durrani, Sushil Kumar",India,"Rs 4,233,000,000.0"
Log9 Materials,Clean Tech,2015,Bengaluru,"Akshay Singhal, Kartik Hajela, Pankaj Sharma",India,"Rs 5,366,780,000.0"
LogiNext,Logistics,2014,Mumbai,"Dhruvil Sanghvi, Manisha Raisinghani",India,"Rs 4,116,800,000.0"
Lohum,Clean Tech,2017,New Delhi,"Justin Lemmon, Rajat Verma",India,"Rs 3,683,540,000.0"
Loop Health,Fintech,2018,Mumbai,"Amrit Singh, Mayank Kale, Ryan Singh",India,"Rs 3,261,900,000.0"
M2P Fintech,Fintech,2014,Chennai,"Madhusudanan R, Muthukumar A(M2P), Prabhu Rangarajan",India,"Rs 17,835,870,000.0"
MODIFI,Fintech,2018,New Delhi,"Jan Wehrs, Nelson Holzner, Sven Brauer",India,"Rs 29,066,600,000.0"
MX Player,Media & Entertainment,2011,Mumbai,Karan Bedi,India,"Rs 9,196,400,000.0"
Mad Street Den,Enterprise Tech,2016,Chennai,"Anand Chandrasekaran, Ashwini Asokan, Costa Colbert",India,"Rs 4,633,060,000.0"
Magenta Mobility,Logistics,2018,Bengaluru,"Darryl Dias, Maxson Lewis",India,"Rs 6,391,000,000.0"
Magicpin,Foodtech,2015,Gurugram,"Abhishek Awasthi, Anshoo Sharma, Brij Bhushan",India,"Rs 8,705,040,000.0"
Maiyas Beverages And Foods,Ecommerce,2012,Bengaluru,P Sadananda Maiya,India,"Rs 3,867,800,000.0"
Make in Box,Logistics,2020,Bengaluru,Ullas Esturi,India,
MakeMyTrip,Travel Tech,2000,Gurugram,Deep Kalra,India,"Rs 62,084,000,000.0"
Mamaearth,Ecommerce,2016,Gurugram,"Ghazal Alagh, Varun Alagh",India,"Rs 9,227,940,000.0"
MarketsandMarkets,Enterprise Tech,2010,Pune,Sandeep Sugla,India,"Rs 4,648,000,000.0"
Matrix Gas & Renewables,Clean Tech,2022,Ahmedabad,Anmol Singh Jaggi,India,"Rs 3,507,580,000.0"
MedGenome,Health Tech,2013,Bengaluru,"Mahesh Pratapneni, Sam Santhosh",India,"Rs 15,396,500,000.0"
MediBuddy,Health Tech,2013,Bengaluru,"Enbasekar Dinadayalane, Satish Kannan",India,"Rs 15,757,550,000.0"
Medikabazaar,Health Tech,2014,Mumbai,"Ketan Malkan, Vivek Tiwari",India,"Rs 15,931,020,000.0"
Medlife,Health Tech,2014,Bengaluru,"Ananth Narayanan, Prashanth Singh, Tushar Kumar",India,"Rs 5,212,400,000.0"
Meesho,Ecommerce,2015,Bengaluru,"Sanjeev Barnwal, Vidit Aatrey",India,"Rs 133,630,000,000.0"
Melorra,Ecommerce,2015,Bengaluru,"Krishna Kumar, Saroja Yeramilli",India,"Rs 6,507,200,000.0"
Mensa Brands,Ecommerce,2021,Bengaluru,Ananth Narayanan,India,"Rs 24,423,580,000.0"
Meru Cabs,Travel Tech,2007,Mumbai,Neeraj Gupta,India,"Rs 6,225,000,000.0"
Metalbook,Ecommerce,2021,Gurugram,"Aman Kumar Tibrewal,Pulkit Baldev,Raghavendra Pratap Singh",India,"Rs 3,154,000,000.0"
Miko,Edtech,2015,Mumbai,"Chintan Raikar, Prashant Iyengar, Sneh Vaswani",India,"Rs 5,384,210,000.0"
Milk Mantra,Ecommerce,2009,Bhubaneswar,Srikumar Misra,India,"Rs 3,275,180,000.0"
MilkBasket,Consumer Services,2015,Gurugram,"Anant Goel, Anurag Jain, Ashish Goel, Yatish Talavdia",India,"Rs 3,197,990,000.0"
Mindspace REIT,Fintech,2014,Mumbai,,India,"Rs 6,469,020,000.0"
Mindtickle,Enterprise Tech,2012,Pune,"Deepak Diwakar, Krishna Depura, Mohit Garg, Nishant Mungali",India,"Rs 23,347,900,000.0"
Minio,Enterprise Tech,2014,Bengaluru,"Anand Babu Periasamy, Frederick Kautz, Garima Kapoor, Harshavardhana .",India,"Rs 10,482,900,000.0"
Mintifi,Fintech,2017,Mumbai,"Ankit Mehta, Anup Agarwal, Sanjoy Shome",India,"Rs 28,222,490,000.0"
Mintoak,Fintech,2017,Mumbai,"Rama Tadepalli, Raman Khanduja, Sanjay Nazareth",India,"Rs 2,131,440,000.0"
MoEngage,Enterprise Tech,2014,Bengaluru,"Raviteja Dodda, Yashwanth Kumar",India,"Rs 17,212,540,000.0"
MobiKwik,Fintech,2009,Gurugram,"Bipin Singh, Chandan Joshi, Upasana Taku",India,"Rs 20,144,100,000.0"
Mobile Premier League,Media & Entertainment,2018,Bengaluru,"Sai Srinivas Kiran G, Shubham Malhotra",India,"Rs 31,166,500,000.0"
Moglix,Ecommerce,2015,Noida,Rahul Garg,India,"Rs 39,965,330,000.0"
Money View,Fintech,2014,Bengaluru,"Puneet Agarwal, Sanjay Aggarwal",India,"Rs 15,628,900,000.0"
MoneyTap,Fintech,2015,Bengaluru,"Anuj Kacker, Bala Parthasarathy, Kunal Varma",India,"Rs 3,344,900,000.0"
Moser Baer Solar,Clean Tech,2007,New Delhi,Deepak Puri,India,"Rs 16,292,070,000.0"
Mswipe,Fintech,2011,Mumbai,Manish Patel,India,"Rs 10,657,200,000.0"
Mu Sigma,Enterprise Tech,2004,Bengaluru,Dhiraj C Rajaram,India,"Rs 17,388,500,000.0"
Mufin Green Finance,Fintech,2016,New Delhi,"Kapil Garg,Rajat Goyal",India,"Rs 7,670,860,000.0"
MyDesignation,Ecommerce,2017,Thiruvananthapuram,"Swaroop Krishnan,Gopika B Raj",India,"Rs 103,750,000.0"
MyGate,Enterprise Tech,2016,Bengaluru,"Abhishek Kumar, Shreyans Daga, Vijay Arisetty",India,"Rs 6,594,350,000.0"
MyGlamm,Ecommerce,2015,Mumbai,"Darpan Sanghvi, Priyanka Gill",India,"Rs 11,483,050,000.0"
Myntra,Ecommerce,2007,Bengaluru,"Ashutosh Lawania, Mukesh Bansal, Vineet Saxena",India,"Rs 31,069,390,000.0"
NDR InvIT,Logistics,2023,Mumbai,Naidu Reddy,India,"Rs 6,225,000,000.0"
NODWIN Gaming,Media & Entertainment,2015,Gurugram,"Akshat Rathee, Gautam Virk",India,"Rs 4,150,000,000.0"
NSPIRA Management Services,Enterprise Services,2014,Hyderabad,Puneet Kothapa,India,"Rs 11,205,000,000.0"
Naaptol,Ecommerce,2008,Thane,Manu Agarwal,India,"Rs 9,935,100,000.0"
Naarica,Ecommerce,2023,Nashik,Shruti Chand,India,
Namdev Finvest,Fintech,1997,Jaipur,Jitendra Tanwar,India,"Rs 6,362,780,000.0"
Navi Technologies,Fintech,2018,Bengaluru,"Ankit Agarwal, Sachin Bansal",India,"Rs 56,229,180,000.0"
Nazara Technologies,Media & Entertainment,2000,Mumbai,Nitish Mittersain,India,"Rs 27,781,760,000.0"
Neo Asset Management,Fintech,2021,Mumbai,"Hemant Daga,Nitin Jain",India,"Rs 10,503,650,000.0"
NeoGrowth,Fintech,2011,Mumbai,"Dhruv Khaitan, Piyush Khaitan",India,"Rs 18,177,830,000.0"
Nephroplus,Health Tech,2009,Hyderabad,"Kamal D Shah, Sandeep Gudibanda, Vikram Vuppala",India,"Rs 16,569,290,000.0"
NestAway,Real Estate Tech,2015,Bengaluru,"Amarendra Sahu, Deepak Dhar, Jitendra Jagadev, Smruti Parida",India,"Rs 9,301,810,000.0"
Netmeds,Health Tech,2015,Chennai,Pradeep Dadha,India,"Rs 8,607,930,000.0"
Netradyne,Enterprise Tech,2015,Bengaluru,"Avneesh Agrawal, David Julian",India,"Rs 29,259,160,000.0"
NewSpace Research & Technologies,,2018,Bengaluru,"Sameer Joshi,Sameer Joshi",India,"Rs 6,085,560,000.0"
NewsDog,Media & Entertainment,2016,New Delhi,"Chen Yukun,Yi Ma",India,"Rs 4,150,000,000.0"
Neysa,Enterprise Tech,2023,Mumbai,"Anindya Das, Sharad Sanghi",India,"Rs 4,141,700,000.0"
NiYO Solutions,Fintech,2015,Bengaluru,"Vinay Bagri, Virender Bisht",India,"Rs 14,873,600,000.0"
Ninjacart,Agritech,2015,Bengaluru,"Thirukumaran Nagarajan, Kartheeswaran K K, Vasudevan Chinnathambi, Sharath Loganathan",India,"Rs 33,759,420,000.0"
Niyogin Fintech,Fintech,2017,Mumbai,"Amit Rajpal, Gaurav Makarand Patankar",India,"Rs 3,568,170,000.0"
NoBroker,Real Estate Tech,2014,Bengaluru,"Akhil Gupta, Amit Agarwal, Saurabh Garg",India,"Rs 31,208,000,000.0"
Northern Arc,,2008,Gurugram,,India,"Rs 14,685,190,000.0"
Nothing Before Coffee,Foodtech,2017,Jaipur,"Anand Jain, Akshay Kedia, Shubham Bhandari, Ankesh Jain",India,"Rs 190,900,000.0"
Nuuk,Ecommerce,2023,Gurugram,"Gazal S Kalra, Shalabh Gupta",India,"Rs 381,800,000.0"
NuvoEx,Logistics,2013,Gurugram,"Milind Sharma, Navneet Singh",India,"Rs 3,818,000,000.0"
Nykaa,Ecommerce,2012,Mumbai,Falguni Nayar,India,"Rs 13,021,870,000.0"
O2 Power,Clean Tech,2019,Gurugram,"Parag Sharma, Peeyush Mohit,Rakesh Garg",India,"Rs 41,500,000,000.0"
OBOPAY,Fintech,2005,Bengaluru,"John Tumminaro,Carol Realini",India,"Rs 8,300,000,000.0"
OYO,Travel Tech,2012,Gurugram,Ritesh Agarwal,India,"Rs 307,930,000,000.0"
OfBusiness,Ecommerce,2015,Gurugram,"Asish Mohapatra, Bhuvan Gupta, Nitin Jain, Ruchi Kalra, Vasant Sridhar",India,"Rs 73,880,790,000.0"
OkCredit,Fintech,2017,Bengaluru,"Aditya Prasad, Gaurav Kumar, Harsh Pokharna",India,"Rs 7,013,500,000.0"
Ola,Travel Tech,2010,Bengaluru,"Ankit Bhati, Bhavish Aggarwal",India,"Rs 393,420,000,000.0"
Ola Electric,Clean Tech,2017,Bengaluru,"Anand Shah, Ankit Jain, Bhavish Aggarwal",India,"Rs 124,500,000,000.0"
Ola Krutrim,AI,2023,Bengaluru,Bhavish Aggarwal,India,"Rs 6,142,000,000.0"
OneAssist,Fintech,2011,Mumbai,"Gagan Maini, Subrat Pani",India,"Rs 5,346,860,000.0"
OneCard,Fintech,2019,Pune,"Rupesh Kumar,Anurag Sinha,Vaibhav Hathi",India,"Rs 9,952,530,000.0"
Onsurity,Fintech,2020,Bengaluru,"Kulin Shah, Yogesh Agarwal",India,"Rs 5,063,000,000.0"
Open Money,Fintech,2017,Bengaluru,"Ajeesh Achuthan, Anish Achuthan, Deena Jacob, Mabel Chacko",India,"Rs 23,163,640,000.0"
Orange Health,Health Tech,2020,Bengaluru,"Dhruv Gupta, Tarun Bhambra",India,"Rs 3,885,230,000.0"
Origo Commodities,Agritech,2010,Gurugram,"Jeffrey Hamaoui, Mayank Dhanuka, Sunoor Kaul",India,"Rs 4,382,400,000.0"
Otipy,Ecommerce,2020,Gurugram,"Varun Khurana,Prashant Jain",India,"Rs 5,737,790,000.0"
Outzidr,Ecommerce,2024,Bengaluru,"Nirmal Jain,Mani Kant Mani,Justin Mario",India,"Rs 290,500,000.0"
Oxyzo,Fintech,2016,Gurugram,"Asish Mohapatra, Bhuvan Gupta, Ruchi Kalra",India,"Rs 16,694,620,000.0"
PAN Health,Ecommerce,2017,Rajkot,,India,"Rs 4,012,220,000.0"
PB Healthcare,Fintech,2025,Gurugram,Yashish Dahiya,India,"Rs 18,094,000,000.0"
PMI Electro Mobility Solutions,Clean Tech,2017,Dharuhera,Satish Kumar Jain,India,"Rs 2,495,810,000.0"
Paper Boat,Ecommerce,2009,Bengaluru,"James Nuttall, Neeraj Kakkar, Suhas Misra",India,"Rs 11,790,980,000.0"
Park+,Travel Tech,2019,Gurugram,"Amit Lakhotia, Hitesh Gupta",India,"Rs 4,411,450,000.0"
Passion Gaming,Media & Entertainment,2015,Panchkula,"Bobby Garg,Priya Kumar",India,"Rs 3,112,500,000.0"
PayMate,Fintech,2006,Mumbai,Ajay Adiseshann,India,"Rs 3,775,670,000.0"
Paytm,Fintech,2009,Noida,Vijay Shekhar Sharma,India,"Rs 407,530,000,000.0"
Paytm Insurance,Fintech,2019,New Delhi,Vijay Shekhar Sharma,India,"Rs 10,175,800,000.0"
Paytm Mall,Ecommerce,2017,Bengaluru,Vijay Shekhar Sharma,India,"Rs 66,815,000,000.0"
PepperTap,,2014,Gurugram,"Milind Sharma, Navneet Singh",India,"Rs 4,249,600,000.0"
Pepperfry,Ecommerce,2012,Mumbai,"Ambareesh Murty, Ashish Shah",India,"Rs 25,341,560,000.0"
Peppermint Robotics,Advanced Hardware & Technology,2019,Pune,"Miraj C. Vora, Nityanand Prabhutendolkar, Runal Dahiwade",India,"Rs 389,270,000.0"
Perfios,Fintech,2008,Bengaluru,"Debasish Chakraborty, V.R. Govindarajan",India,"Rs 36,620,430,000.0"
Perkant Tech,Health Tech,2020,Indore,"Lokant Jain,Saniya Jeswani",India,
PhableCare,Health Tech,2018,Bengaluru,"Mukesh Bansal, Prasanth Reddy, Sumit Sinha",India,"Rs 3,283,480,000.0"
PharmEasy,Health Tech,2015,Mumbai,"Dharmil Sheth, Dhaval Shah, Mikhil Innani, Siddharth Shah",India,"Rs 146,910,000,000.0"
PhonePe,Fintech,2015,Bengaluru,"Burzin Engineer, Rahul Chari, Sameer Nigam",India,"Rs 190,070,000,000.0"
PhysicsWallah,Edtech,2016,Noida,"Alakh Pandey, Prateek Maheshwari",India,"Rs 25,730,000,000.0"
Pi Datacenters,Enterprise Tech,2014,Hyderabad,Kalyan Muppaneni,India,"Rs 9,355,760,000.0"
Pickkup,Logistics,2021,Mohali,"Ankush Sharma, Chandra Shekhar, Upma Sharma",India,
Pine Labs,Fintech,1998,Noida,"Lokvir Kapoor, Rajul Garg, Tarun Upaday",India,"Rs 131,970,000,000.0"
Piramal Group,Health Tech,1992,Mumbai,Ajay Piramal,India,"Rs 64,066,870,000.0"
Pixxel,Advanced Hardware & Technology,2018,Bengaluru,"Awais Ahmed, Kshitij Khandelwal",India,"Rs 8,132,340,000.0"
PlayShifu,Edtech,2016,Bengaluru,"Dinesh Advani, Vivek Goyal",India,"Rs 3,439,520,000.0"
Plum,Ecommerce,2013,Mumbai,Shankar Prasad,India,"Rs 4,141,700,000.0"
Pocket FM,Media & Entertainment,2018,Bengaluru,"Nishanth S., Prateek Dixit, Rohan Nayak",India,"Rs 16,882,200,000.0"
PolicyBazaar,Fintech,2008,Gurugram,"Alok Bansal, Avaneesh Nirjar, Manoj Sharma, Tarun Mathur, Yashish Dahiya",India,"Rs 78,186,000,000.0"
Portea Medical,Health Tech,2013,Bengaluru,"Ganesh Krishnan, Karan Aneja, Manjusha Anumolu, Meena Ganesh, Vaibhav Tewari, Zachary Jones",India,"Rs 7,890,810,000.0"
Porter,Logistics,2014,Bengaluru,"Pranav Goel, Uttam Digga, Vikas Choudhary",India,"Rs 10,961,810,000.0"
Posha,Ecommerce,2016,Bengaluru,"Raghav Gupta,Rohin Malhotra",India,"Rs 727,910,000.0"
Postman,Enterprise Tech,2014,Bengaluru,"Abhijit Kane, Abhinav Asthana, Ankit Sobti",India,"Rs 35,939,000,000.0"
Power2SME,Ecommerce,2012,Gurugram,R. Narayan,India,"Rs 7,086,540,000.0"
Practo,Health Tech,2008,Bengaluru,"Abhinav Lal, Shashank ND",India,"Rs 18,944,750,000.0"
Pratilipi,Media & Entertainment,2015,Bengaluru,"Nalinee Choudhary, Prashant Gupta, Rahul Ranjan, Ranjeet Pratap Singh, Sahradayi Modi, Sankaranarayanan Devarajan",India,"Rs 6,783,590,000.0"
Pristyn Care,Health Tech,2018,Gurugram,"Garima Sawhney, Harsimarbir (Harsh) Singh, Vaibhav Kapoor",India,"Rs 14,691,000,000.0"
Progcap,Fintech,2016,New Delhi,"Himanshu Chandra, Pallavi Shrivastava",India,"Rs 9,322,560,000.0"
Propelld,Fintech,2017,Bengaluru,"Bibhu Prasad Das, Brijesh Samantaray, Victor Senapaty",India,"Rs 3,108,350,000.0"
PropertyShare,Fintech,2015,Bengaluru,"Hashim Khan, Kunal Moktan",India,"Rs 4,049,570,000.0"
Protectt.ai,Enterprise Tech,2020,Mumbai,Manish Mimani,India,"Rs 722,100,000.0"
Public App,Media & Entertainment,2019,Noida,Azhar Iqubal,India,"Rs 6,332,900,000.0"
Pujashree,Consumer Services,2018,Bengaluru,Abhishek Chaterjee,India,"Rs 124,500,000.0"
Purple Style Labs,Ecommerce,2015,Mumbai,Abhishek Agarwal,India,"Rs 6,504,710,000.0"
Purplle,Ecommerce,2012,Mumbai,"Manish Taneja, Rahul Dash",India,"Rs 39,889,800,000.0"
Pushp Brand,Ecommerce,1974,Indore,Late Shri Kishanlalaji Surana,India,"Rs 2,359,690,000.0"
Qila Games,Media & Entertainment,2024,Bengaluru,"Neeraj Mishra,Dhananjai Hari",India,"Rs 83,000,000.0"
Qtrove,Ecommerce,2016,Bengaluru,"Vinamra Pandiya,Prashanth Nagarajan",India,"Rs 4,280,310,000.0"
Quick Clean,Consumer Services,2010,Gurugram,Anshul Gupta,India,"Rs 498,000,000.0"
Quikr,Ecommerce,2008,Bengaluru,"Jiby Thomas, Pranay Chulet",India,"Rs 36,592,210,000.0"
RBL Bank,,1943,Mumbai,,India,"Rs 18,496,550,000.0"
Radiance Renewables,Clean Tech,2018,Mumbai,"Amit Kumar Mittal, Santosh Pawar",India,"Rs 7,470,000,000.0"
Ramco,Enterprise Tech,1992,Chennai,P.R.Venketrama Raja,India,"Rs 8,632,000,000.0"
Rapido,Travel Tech,2015,Bengaluru,"Aravind Sanka, Pavan Guntupalli, Rishikesh SR",India,"Rs 42,025,390,000.0"
Rario,Web3,2021,Gurugram,"Ankit Wadhwa, Sunny Bhanot",India,"Rs 9,960,000,000.0"
RateGain,Enterprise Tech,2004,Noida,Bhanu Chopra,India,"Rs 19,649,420,000.0"
Rays Power Infra,Clean Tech,2011,Jaipur,"Ketan Mehta, Ketan Mehta",India,"Rs 4,163,280,000.0"
Razorpay,Fintech,2014,Bengaluru,"Harshil Mathur, Shashank Kumar",India,"Rs 61,554,460,000.0"
ReNew Energy,Clean Tech,2011,Gurugram,Sumant Sinha,India,"Rs 336,150,000,000.0"
Rebel Foods,Foodtech,2011,Mumbai,"Jaydeep Barman, Kallol Banerjee",India,"Rs 63,744,000,000.0"
Recykal,Clean Tech,2017,Hyderabad,"Abhay Deshpande, Abhishek Deshpande, Anirudha Jalan, Ekta Narain, Vikram Prabakar",India,"Rs 3,086,770,000.0"
Redcliffe Labs,Health Tech,2018,Noida,"Aditya Kandoi, Ashish Dubey, Dheeraj Jain",India,"Rs 9,545,000,000.0"
ReelSaga,Media & Entertainment,2024,Mumbai,"Shubh Bansal, Shanu Vivek,Ritesh Pandey",India,"Rs 174,300,000.0"
Refyne,Fintech,2021,Bengaluru,"Apoorv Kumar, Chitresh Sharma",India,"Rs 8,474,300,000.0"
Reliance Jio,Enterprise Services,2010,Navi Mumbai,Mukesh Ambani,India,"Rs 1,432,580,000,000.0"
Renee Cosmetics,Ecommerce,2019,Ahmedabad,"Aashka Goradia Goble, Ashutosh Valani, Priyank Shah",India,"Rs 4,023,010,000.0"
RenewBuy,Fintech,2015,Gurugram,"Balachander Sekhar, Devesh Joshi, Harman Preet Singh, Indraneel Chatterjee, Sandeep Nanda",India,"Rs 11,047,300,000.0"
RentoMojo,Ecommerce,2014,Bengaluru,"Achal Mittal, Ajay Nain, Geetansh Bamania",India,"Rs 7,118,910,000.0"
ReshaMandi,Ecommerce,2020,Bengaluru,"Mayank Tiwari, Saurabh Agarwal, Utkarsh Apoorva",India,"Rs 4,369,950,000.0"
RevFin,Fintech,2018,New Delhi,Sameer Aggarwal,India,"Rs 3,806,380,000.0"
Rezolv,Fintech,2024,Mumbai,"Karan Mehta, Sonali Jindal",India,"Rs 290,500,000.0"
Ripplr,Logistics,2019,Bengaluru,"Abhishek Nehru, Santosh Dabke",India,"Rs 4,559,190,000.0"
River,Clean Tech,2020,Bengaluru,"Aravind Mani, Vipin George",India,"Rs 5,644,000,000.0"
Rivigo,Logistics,2014,Gurugram,"Deepak Garg, Gazal Kalra",India,"Rs 25,463,570,000.0"
Rooter,Media & Entertainment,2016,New Delhi,"Akshat Goel, Dipesh Agarwal, Piyush Kumar",India,"Rs 3,652,000,000.0"
Roposo,Ecommerce,2013,Bengaluru,"Avinash Saxena, Kaushal Shubhank, Mayank Bhangadia",India,"Rs 3,129,100,000.0"
Runnr,Logistics,2015,Bengaluru,"Aravind Reddy, Arpit Dave, Gnanesh Chillukuri, Mohit Kumar, Mukunda NS, Vatsal singhal",India,"Rs 2,241,000,000.0"
Rupeek,Fintech,2015,Bengaluru,"Amar Prabhu, Ashwin Soni, Sumit Maniyar",India,"Rs 17,933,810,000.0"
Rupifi,Fintech,2020,Bengaluru,"Ankit Singh, Anubhav Jain, Jawaid Iqbal",India,"Rs 3,166,450,000.0"
SAEL,Clean Tech,2022,New Delhi,"Jasbir Awla, Sukhbir Singh Awla",India,"Rs 126,160,000,000.0"
SEDEMAC,Deeptech,2007,Pune,"Amit Dixit, Manish Sharma, Pushkaraj Panse, Shashikanth Suryanarayanan",India,"Rs 8,922,500,000.0"
SMAAASH,Media & Entertainment,2011,Mumbai,Shripal Morakhia,India,"Rs 6,226,660,000.0"
SMEcorner,Fintech,2014,Mumbai,"Samir Bhatia, Sneha Shah",India,"Rs 4,176,560,000.0"
SUGAR Cosmetics,Ecommerce,2012,Mumbai,"Kaushik Mukherjee, Vineeta Singh",India,"Rs 7,055,000,000.0"
SUN Mobility,Clean Tech,2017,Bengaluru,"Ajay Goel, Chetan Maini, Uday Khemka",India,"Rs 6,225,000,000.0"
Safe Security,Enterprise Tech,2012,New Delhi,"Rahul Tyagi, Rahul Tyagi, Saket Modi, Vidit Baxi, Vinu Thomas",India,"Rs 7,885,000,000.0"
Sale Assist,Enterprise Tech,2020,Gurugram,Deep Malik,India,
Samunnati,Agritech,2014,Chennai,Anil Kumar,India,"Rs 22,570,190,000.0"
SarvaGram,Fintech,2018,Pune,"Sameer Mishra, Utpal Isser",India,"Rs 9,626,340,000.0"
Sarvam AI,AI,2023,Bengaluru,"Pratyush Kumar, Vivek Raghavan",India,"Rs 3,403,000,000.0"
Satin Creditcare Network,Fintech,1990,Gurugram,H P Singh,India,"Rs 11,205,000,000.0"
Satleo Labs,Advanced Hardware & Technology,2023,Ahmedabad,"Ranendu Ghosh, Shravan Bhati",India,"Rs 273,900,000.0"
Satya MicroCapital,Fintech,2017,New Delhi,,India,"Rs 18,042,540,000.0"
Scaler Academy,Edtech,2019,Bengaluru,"Abhimanyu Saxena, Anshuman Singh",India,"Rs 4,565,000,000.0"
Scripbox,Fintech,2012,Bengaluru,"Atul Shinghal, Manish Dimri, Sanjiv Singhal, Varun Girilal",India,"Rs 4,565,000,000.0"
Sense,Enterprise Tech,2016,Bengaluru,"Alex Rosen, Anil Dharni, Pankaj Jindal, Ram Gudavalli",India,"Rs 7,428,500,000.0"
Serentica Renewables,Clean Tech,2022,Gurugram,Pratik Agarwal,India,"Rs 120,350,000,000.0"
Servify,Fintech,2015,Mumbai,Sreevathsa Prabhakar,India,"Rs 10,798,300,000.0"
ShadowFax,Logistics,2015,Bengaluru,"Abhishek Bansal, Vaibhav Khandelwal",India,"Rs 17,993,570,000.0"
ShareChat,Media & Entertainment,2015,Bengaluru,"Ankush Sachdeva, Bhanu Pratap Singh, Farid Ahsan",India,"Rs 102,920,000,000.0"
Shiplog,Logistics,2020,Gurugram,"Kamal Sharma, Pratik Dasgupta,Shubhangi Pandey",India,
Shiprocket,Logistics,2012,New Delhi,"Akshay Ghulati, Gautam Kapoor, Saahil Goel, Vishesh Khurana",India,"Rs 33,150,200,000.0"
ShopKirana,Enterprise Tech,2014,Indore,"Deepak Dhanotiya, Sumit Ghorawat, Tanutejas Saraswat",India,"Rs 4,165,770,000.0"
ShopX,Ecommerce,2015,Bengaluru,"Amit Sharma, Apoorva Jois",India,"Rs 5,247,260,000.0"
Shopclues,Ecommerce,2011,Gurugram,"Radhika Aggarwal, Sandeep Aggarwal, Sanjay Sethi",India,"Rs 20,071,890,000.0"
Shopo,Ecommerce,2011,Chennai,"Krithika Nelson, Theyagarajan S",India,"Rs 8,300,000,000.0"
Shubham Housing Development Finance Company,Fintech,2011,Gurugram,"Sanjay Chaturvedi,Rupa Basu",India,"Rs 28,747,050,000.0"
Shuttl,Travel Tech,2015,Gurugram,"Amit Singh, Deepanshu Malviya",India,"Rs 10,137,620,000.0"
SigTuple,Health Tech,2015,Bengaluru,"Apurv Anand, Bharath Cheluvaraju, Rohit Kumar Pandey, Tathagato Dastidar",India,"Rs 4,123,440,000.0"
Simpl,Fintech,2015,Bengaluru,"Chaitra Chidanand, Nityanand Sharma",India,"Rs 3,320,000,000.0"
Simple Energy,Clean Tech,2019,Bengaluru,"Hrishikesh Bhargava, Kiran Poojary, Sheetal Shetty, Shreshth Mishra, Suhas Rajkumar",India,"Rs 5,063,000,000.0"
Simplilearn,Edtech,2009,Bengaluru,"Krishna Kumar,Kashyap Dalal,Archana Krishna",India,"Rs 6,474,000,000.0"
Skyroot,Advanced Hardware & Technology,2018,Hyderabad,"Naga Bharath Daka, Pawan Kumar Chandana",India,"Rs 7,892,470,000.0"
Slice,Fintech,2016,Bengaluru,"Deepak Malhotra, Rajan Bajaj",India,"Rs 31,612,210,000.0"
Smallcase,Fintech,2015,Bengaluru,"Anugrah Shrivastava, Rohan Gupta, Vasanth Kamath",India,"Rs 9,296,000,000.0"
Smartron,Clean Tech,2014,Hyderabad,"Mahesh Lingareddy, Narsi Reddy Posham, Rohit Rathi",India,"Rs 16,600,000,000.0"
Smartworks,Real Estate Tech,2016,Gurugram,"Harsh Binani, Neetish Sarda",India,"Rs 3,743,300,000.0"
Snapdeal,Ecommerce,2010,Gurugram,"Kunal Bahl, Rohit Bansal",India,"Rs 147,740,000,000.0"
Snapmint,Fintech,2015,Navi Mumbai,"Anil Gelra, Nalin Agrawal, Rahul Agarwal",India,"Rs 3,975,700,000.0"
SolarSquare,Clean Tech,2015,Mumbai,"Shreya Mishra,Neeraj Jain,Nikhil Nahar",India,"Rs 5,000,750,000.0"
Solv,Ecommerce,2019,Bengaluru,Nitin Mittal,India,"Rs 11,169,310,000.0"
Soothe Healthcare,Ecommerce,2012,New Delhi,Sahil Dharia,India,"Rs 4,501,920,000.0"
SpiceJet Limited,Travel Tech,2005,Gurugram,"Ajay Singh, Bhupendra S. Kansagra",India,"Rs 45,424,240,000.0"
Spinny,Ecommerce,2015,Gurugram,"Ganesh Pawar, Mohit Gupta, Niraj Singh, Ramanshu Mahaur",India,"Rs 44,255,600,000.0"
Spyne,Enterprise Tech,2018,Gurugram,"Deepti Prasad, Sanjay Kumar",India,"Rs 2,008,600,000.0"
Square Yards,Real Estate Tech,2014,Gurugram,"Kanika Gupta, Tanuj Shori",India,"Rs 6,542,060,000.0"
StanPlus,Consumer Services,2016,Hyderabad,"Antoine Poirson, Jose Leon, Prabhdeep Singh",India,"Rs 3,544,100,000.0"
Stance Health,Health Tech,2024,Bengaluru,"Rohit Arora,Ninad Karandikar",India,"Rs 83,000,000.0"
Stanza Living,Real Estate Tech,2017,New Delhi,"Anindya Dutta, Sandeep Dalmia",India,"Rs 18,950,560,000.0"
Startup Investments Holding,Fintech,2015,New Delhi,"Sanjeev Bikhchandani, Chintan Arvind Thakkar, Hitesh Oberoi, Mohit Kumar, Chintan Arvind Thakkar, Amit Sharma",India,"Rs 5,435,669,999.0"
Stashfin,Fintech,2016,New Delhi,Tushar Aggarwal,India,"Rs 36,935,000,000.0"
Stellapps,Agritech,2011,Bengaluru,"Jinesh Shah, Praveen Nale, Ramakrishna Adukuri, Ranjith Mukundan, Ravishankar Shiroor, Venkatesh Seshasayee",India,"Rs 4,814,000,000.0"
StockGro,Fintech,2020,Bengaluru,"Ajay Lakhotia, Vijay Lakhotia",India,"Rs 6,050,700,000.0"
Sula Vineyards,Ecommerce,2003,Nashik,Rajeev Samant,India,"Rs 8,049,340,000.0"
Sulekha.com,Consumer Services,2007,Chennai,Satya Prabhakar,India,"Rs 3,701,800,000.0"
Sunstone,Edtech,2014,Gurugram,"Ashish Munjal, Piyush Nangru",India,"Rs 5,632,380,000.0"
SuryodayBank,Fintech,2008,Navi Mumbai,Baskar Babu,India,"Rs 8,944,080,000.0"
Svatantra,Fintech,2012,Mumbai,Ananya Birla,India,"Rs 20,565,740,000.0"
Swiggy,Foodtech,2014,Bengaluru,"Nandan Reddy, Rahul Jaimini, Sriharsha Majety",India,"Rs 297,140,000,000.0"
Swish Club,Enterprise Tech,2023,Bengaluru,"Dushyant Sapre, Jai Anand, Suraj Kumar",India,"Rs 478,910,000.0"
Table Space,Real Estate Tech,2017,Bengaluru,Amit Banerji,India,"Rs 24,900,000,000.0"
TakeMe2Space,Advanced Hardware & Technology,2023,Hyderabad,Ronak Kumar Samantray,India,
TaxiForSure,Travel Tech,2011,Bengaluru,"Aprameya Radhakrishna, Raghunandan G",India,"Rs 3,652,000,000.0"
Teachmint,Enterprise Tech,2020,Bengaluru,"Anshuman Kumar, Divyansh Bordia, Mihir Gupta, Payoj Jain",India,"Rs 9,794,000,000.0"
That Sassy Thing,Ecommerce,2021,New Delhi,"Sachee Malhotra,Himanshu Bhalla",India,
The Bear House,Ecommerce,2017,Bengaluru,"Tanvi Somaiya, Alka Jayesh Somaiya, Harsh Somaiya",India,
The Sleep Company,Ecommerce,2019,Mumbai,"Harshil Salot, Priyank Goyal",India,"Rs 3,749,940,000.0"
Third Wave Coffee,Ecommerce,2016,Bengaluru,"Anirudh Sharma, Ayush Bathwal, Sushant Goel",India,"Rs 5,146,000,000.0"
Tonbo Imaging,Enterprise Tech,2012,Bengaluru,"Ankit Kumar, Arvind Lakshmikumar, Cecilia DâÃÃ´Souza, Sudeep George",India,"Rs 2,116,500,000.0"
Toothsi,Health Tech,2018,Mumbai,"Anirudha Kale, Arpi Mehta, Manjul Jain, Pravin Shetty",India,"Rs 7,220,170,000.0"
Toppr,Media & Entertainment,2013,Mumbai,"Hemanth Goteti, Zishaan Hayath",India,"Rs 9,524,250,000.0"
TravelTriangle,Travel Tech,2011,Gurugram,"Prabhat Gupta, Sanchit Garg, Sankalp Agarwal",India,"Rs 3,959,100,000.0"
Treebo Hotels,Travel Tech,2015,Bengaluru,"Kadam Jeet Jain, Rahul Chaudhary, Sidharth Gupta",India,"Rs 7,058,320,000.0"
Trell,Ecommerce,2016,Bengaluru,"Arun Lodhi, Bimal Kartheek Rebba, Prashant Sachan, Pulkit Agrawal",India,"Rs 5,282,120,000.0"
Triotech,Fintech,2009,Gurugram,"Munish Dhingra, Rajesh Kaul",India,"Rs 6,889,000,000.0"
Troovy,Ecommerce,2021,Gurugram,"Aditya Mukherjee, Mansi Baranwal",India,"Rs 240,700,000.0"
True Balance,Fintech,2014,Gurugram,"Cheolwon Lee, Jay Yi, Martin Lee",India,"Rs 14,030,320,000.0"
Turtlemint,Fintech,2015,Thane,"Anand Prabhudesai, Dhirendra Mahyavanshi, Kunal Shah",India,"Rs 16,351,000,000.0"
Tvaster Genkalp,Health Tech,2021,Chennai,"Dr. Srikar Raman,K. Sreedurgalakshmi",India,"Rs 103,750,000.0"
Twenty Two Motors,Clean Tech,2016,Gurugram,"Parveen Kharb, Vijay Chandrawat",India,"Rs 5,527,799,999.0"
U Gro Capital,Fintech,1993,Mumbai,SHACHINDRA NATH,India,"Rs 39,855,770,000.0"
Udaan,Ecommerce,2016,Bengaluru,"Amod Malviya, Sujeet Kumar, Vaibhav Gupta",India,"Rs 170,980,000,000.0"
Ujjivan Small Finance Bank,Fintech,2017,Bengaluru,Samit Ghosh,India,"Rs 10,040,510,000.0"
Ultrahuman,Health Tech,2020,Bengaluru,"Mohit Kumar, Vatsal singhal",India,"Rs 4,357,500,000.0"
Ultraviolette Automotive,Clean Tech,2016,Bengaluru,"Narayan Subramaniam, Niraj Rajmohan",India,"Rs 5,801,700,000.0"
Ummeed Housing Finance,Fintech,2016,Gurugram,Ashutosh Sharma,India,"Rs 20,139,120,000.0"
Unacademy,Edtech,2015,Bengaluru,"Gaurav Munjal, Hemesh Singh, Roman Saini, Sachin Gupta",India,"Rs 69,595,500,000.0"
Uni Cards,Fintech,2020,Bengaluru,"Laximikant Vyas, Nitin Gupta, Prateek Jindal",India,"Rs 7,868,400,000.0"
Uni Seoul,Ecommerce,2023,Pune,"Gaurav Karmani,Mohit Khurana",India,
Uniphore,Enterprise Tech,2008,Chennai,"Ravi Saraogi, Umesh Sachdev",India,"Rs 54,192,360,000.0"
UpScalio,Ecommerce,2021,Gurugram,"Gautam Kshatriya, Nitin Agarwal, Saaim Khan",India,"Rs 4,772,500,000.0"
Upstox,Fintech,2009,Mumbai,"Kavitha Subramanian, Raghu Kumar, Ravi Kumar, Shrinivas Viswanath",India,"Rs 5,000,750,000.0"
Urban Company,Consumer Services,2014,Gurugram,"Abhiraj Singh Bhal, Raghav Chandra, Varun Khaitan",India,"Rs 37,642,160,000.0"
Urban Ladder,Ecommerce,2012,Bengaluru,"Ashish Goel, Rajiv Srivatsa",India,"Rs 9,619,700,000.0"
Utkarsh Small Finance Bank,Fintech,2016,Varanasi,Govind Singh,India,"Rs 6,606,800,000.0"
Vahdam Teas,Ecommerce,2015,New Delhi,Bala Sarda,India,"Rs 3,212,930,000.0"
Varthana,Fintech,2013,Bengaluru,"Brajesh Mishra, Steve Hardgrave",India,"Rs 12,527,190,000.0"
Vastu Housing Finance,Fintech,2015,Mumbai,Sandeep Menon,India,"Rs 64,736,680,000.0"
Vaya,Consumer Services,2025,New Delhi,"Maahin Puri,Nitesh Kumar Niranjan",India,"Rs 124,500,000.0"
Vayana Network,Fintech,2016,Bengaluru,"H Srikrishnan, Ramaswamy Iyer",India,"Rs 8,140,640,000.0"
Vayudh,Advanced Hardware & Technology,2016,New Delhi,"Tanmay Bunkar,Anuj Barnwal,Sarita Ahlawat",India,"Rs 830,000,000.0"
VeGrow,Agritech,2020,Bengaluru,"Kiran Naik, Mrudhukar Batchu, Praneeth Kumar, Shobhit Jain",India,"Rs 7,179,500,000.0"
Vedantu,Edtech,2011,Bengaluru,"Anand Prakash, Pulkit Jain, Saurabh Saxena, Vamsi Krishna",India,"Rs 26,694,460,000.0"
Veranda Learning,Edtech,2018,Chennai,Suresh Kalpathi,India,"Rs 4,229,680,000.0"
Veritas Finance,Fintech,2015,Chennai,Arulmany Duraisamy,India,"Rs 28,368,570,000.0"
Vimano,Clean Tech,2019,Bengaluru,"Murari Ramkumar,Nagesh Kini",India,"Rs 240,700,000.0"
Vini Cosmetics,Ecommerce,2009,Ahmedabad,Darshan Patel,India,"Rs 14,412,120,000.0"
Virgio,Ecommerce,2022,Bengaluru,Amar Nagaram,India,"Rs 3,666,940,000.0"
Visit Health,Enterprise Tech,2016,Noida,"Anurag Prasad, Chetan Anand, Shashvat Tripathi, Vaibhav Singh",India,"Rs 3,112,500,000.0"
Vistaar Finance,Fintech,2010,Bengaluru,"Brahmanand Hegde,Ramakrishna Nishthala",India,"Rs 6,802,680,000.0"
Vividobots,Advanced Hardware & Technology,2021,Chennai,"Balasubramaniyan M S, Dhinesh Babu, Kesavaraj S, Velmurugan B",India,
Vivifi India,Fintech,2016,Hyderabad,"Anil K Pinapala, Srinath Kompella",India,"Rs 6,225,000,000.0"
Vivriti Capital,Fintech,2017,Chennai,"Aniket Deshpande, Gaurav Kumar, Irfan Mohammed, Soumendra Ghosh, Vineet Sukumar",India,"Rs 15,994,100,000.0"
Vogo,Travel Tech,2016,Bengaluru,"Anand Ayyadurai, Balakrishnan Padmanabhan, Sanchit Mittal",India,"Rs 15,855,490,000.0"
Voonik,Ecommerce,2013,Bengaluru,"Navaneetha Krishnan, Sujayath Ali",India,"Rs 2,863,500,000.0"
Vridhi Home Finance,Fintech,2022,Bengaluru,"Sunil Mehta,Sunil Mehta,Sunil Mehta,Sunil Mehta",India,"Rs 4,558,360,000.0"
WOW Skin Science,Ecommerce,2014,Bengaluru,"Karan Chowdhary, Manish Chowdhary",India,"Rs 8,134,000,000.0"
Wakefit,Ecommerce,2014,Bengaluru,"Ankit Garg, Chaitanya Ramalingegowda",India,"Rs 12,287,320,000.0"
Walmart India,Ecommerce,2009,Gurugram,Krish Iyer,India,"Rs 3,127,440,000.0"
WayCool,Agritech,2015,Chennai,"Karthik Jayaraman, Sanjay Dasari",India,"Rs 23,311,380,000.0"
WeRize,Fintech,2019,Bengaluru,"Himanshu gupta, Vishal Chopra",India,"Rs 2,138,910,000.0"
WeWork India,Real Estate Tech,2017,Bengaluru,Karan Virwani,India,"Rs 18,460,030,000.0"
Webscale,Enterprise Tech,2013,Bengaluru,"Jay Smith, Robert Shires, Vladimir Shestak",India,"Rs 4,316,000,000.0"
Wendor,Foodtech,2017,Gurugram,"Ayush Pahwa, Chaitanya Marwaha, Harsh Gautam, Lakshit Anand",India,"Rs 207,500,000.0"
Whatfix,Enterprise Tech,2013,Bengaluru,"Khadim Batti, Varakumar Namburu",India,"Rs 21,970,100,000.0"
WinZO,Media & Entertainment,2018,New Delhi,"Paavan Nanda, Saumya Singh Rathore",India,"Rs 9,171,500,000.0"
Wingreens Farms,Ecommerce,2011,Gurugram,"Anju Srivastava,Arjun Srivastava",India,"Rs 4,471,210,000.0"
Wiz Freight,Logistics,2019,Chennai,"Ramkumar Govindarajan, Ramkumar Ramachandran",India,"Rs 4,451,290,000.0"
Wooden Street,Ecommerce,2015,Jaipur,"Dinesh Pratap, Lokendra Ranawat, Vikas Baheti, Virendra Ranawat",India,"Rs 6,403,450,000.0"
Wow! Momo,Foodtech,2008,Kolkata,"Binod Kumar Homagai, Sagar Daryani, Shah Miftaur Rahman",India,"Rs 11,259,780,000.0"
Wrogn,Ecommerce,2012,Bengaluru,"Anjana Reddy,Vikram Reddy",India,"Rs 5,500,409,999.0"
Xpressbees,Logistics,2015,Pune,Amitava Saha,India,"Rs 52,320,710,000.0"
Yalo,Enterprise Tech,2015,Mumbai,"Javier Mata, Renato Barrios",India,"Rs 7,719,000,000.0"
Yatra,Travel Tech,2006,Gurugram,"Dhruv Shringi, Manish Amin, Sabina Chopra",India,"Rs 12,579,480,000.0"
Yepme,Ecommerce,2008,Gurugram,"Anand Jadhav, Sandeep Sharma, Vivek Gaur",India,"Rs 6,308,000,000.0"
Yubi,Fintech,2020,Chennai,Gaurav Kumar,India,"Rs 18,841,000,000.0"
Yulu,Travel Tech,2017,Bengaluru,"Amit Gupta, Anuj Tewari, Hemant Gupta, Naveen Dachuri, RK Misra",India,"Rs 10,719,450,000.0"
Zaggle,Fintech,2011,Hyderabad,Raj P Narayanam,India,"Rs 3,771,520,000.0"
Zealopia Technologies,Health Tech,2023,Jalgoan,Ajinkya Bhasme,India,
Zebu,Advanced Hardware & Technology,2021,Hyderabad,Santosh Balajee Banisetty,India,"Rs 83,000,000.0"
Zenoti,Enterprise Tech,2010,Hyderabad,"Dheeraj Koneru,Sudheer Koneru",India,"Rs 27,473,000,000.0"
Zenwork,Fintech,2011,Hyderabad,"REKHA SINGH, SANJEEV SINGH",India,"Rs 13,529,000,000.0"
Zeotap,Enterprise Tech,2014,Bengaluru,"Daniel Heer, Oliver Kanders, Projjol Banerjea, Stephan Schwebe",India,"Rs 7,652,600,000.0"
Zepto,Consumer Services,2021,Bengaluru,"Aadit Palicha, Kaivalya V.",India,"Rs 161,850,000,000.0"
ZestMoney,Fintech,2015,Bengaluru,"Ashish Anantharaman, Lizzie Chapman, Priya Sharma",India,"Rs 9,968,300,000.0"
Zeta,Fintech,2015,Bengaluru,"Bhavin Turakhia, Ramki Gaddipati",India,"Rs 32,370,000,000.0"
Zetwerk,Enterprise Tech,2018,Bengaluru,"Amrit Acharya, Rahul Sharma, Srinath Ramakkrushnan, Vishal Chaudhary",India,"Rs 71,697,060,000.0"
Zinier,Enterprise Tech,2017,Bengaluru,"Andrew Wolf, Arka Dhar",India,"Rs 9,960,000,000.0"
ZipGo,Travel Tech,2015,Gurugram,"Gaurav Agarwal, Jitender Sharma, Neeraj Paliwal, Pritesh Gupta",India,"Rs 4,816,490,000.0"
Zivame,Ecommerce,2011,Bengaluru,"Kapil Karekar, Richa Kar",India,"Rs 4,863,800,000.0"
Zo Rooms,Travel Tech,2014,New Delhi,"Abhishek Bhutra, Akhil Malik, Chetan Chauhan, Dharamveer Chauhan, Paavan Nanda, Siddharth Janghu, Tarun Tiwari",India,"Rs 3,735,000,000.0"
ZoloStays,Real Estate Tech,2015,Bengaluru,"Akhil Sikri, Isha Choudhry, Nikhil Sikri, Sneha Choudhry",India,"Rs 8,134,000,000.0"
Zolve,Fintech,2020,Bengaluru,Raghunandan G,India,"Rs 12,865,000,000.0"
Zomato,Foodtech,2008,Gurugram,"Deepinder Goyal, Pankaj Chaddah,Gaurav Gupta,Gunjan Patidar",India,"Rs 380,970,000,000.0"
ZoomCar,Travel Tech,2012,Bengaluru,"David Back, Greg Moran",India,"Rs 21,287,010,000.0"
ZoomIn,Ecommerce,2007,Mumbai,"Arun Benty, Ketan Sanghvi, Phiroze Havaldar, Rohit Regonayak, Sunny Rao",India,"Rs 7,851,800,000.0"
Zopper,Fintech,2011,Noida,"Mayank Gupta, Neeraj Jain, Surjendu Kuila",India,"Rs 10,375,000,000.0"
Zupee,Media & Entertainment,2018,Gurugram,"Dilsher Singh, Siddhant Saurabh",India,"Rs 10,043,000,000.0"
Zuppa,Advanced Hardware & Technology,2012,Chennai,"Sai Pattabiram, Venkatesh Sai",India,
Zypp Electric,Logistics,2017,Gurugram,"Akash Gupta, Rashi Agarwal, Tushar Mehta",India,"Rs 4,606,500,000.0"
apna,Consumer Services,2019,Bengaluru,Nirmit Parikh,India,"Rs 16,056,350,000.0"
axiTrust,Fintech,2024,Mumbai,"Aditya Tulsian,Mukund Daga,Rajeev Chari",India,"Rs 213,310,000.0"
boAt,Ecommerce,2016,Gurugram,"Aman Gupta, Sameer Mehta",India,"Rs 14,627,090,000.0"
cult.fit,Health Tech,2016,Bengaluru,"Ankit Nagori, Mukesh Bansal",India,"Rs 63,133,950,000.0"
girnarsoft,Enterprise Tech,2007,Jaipur,"Amit Jain, Anurag Jain",India,"Rs 13,167,950,000.0"
iBus,Enterprise Tech,2010,Bengaluru,"Ram Sellaratnam, Sunil Menon, Subash Vasudevan",India,"Rs 5,969,360,000.0"
iD Fresh Food,Ecommerce,2006,Bengaluru,"Abdul Nazer, Jafar TK, Noushad TA, PC Musthafa, Shamsudeen TK",India,"Rs 8,233,600,000.0"
iHub Robotics,Advanced Hardware & Technology,2022,Kochi,"Athil Krishna, Sarath S",India,
iNurture,Enterprise Tech,2005,Bengaluru,"Ashwin Ajila, R Lakshminarayanan",India,"Rs 3,565,680,000.0"
ideaForge,,2007,Mumbai,"Ankit Mehta, Ashish Bhat, Rahul Singh, Vipul Joshi",India,"Rs 3,350,710,000.0"
ixigo,Travel Tech,2006,Gurugram,"Aloke Bajpai, Dharmendra Yashovardhan, Rajnish Kumar",India,"Rs 8,009,500,000.0"
mFine,Health Tech,2017,Bengaluru,"Ajit Narayanan, Arjun Choudhary, Ashutosh Lawania, Prasad Kompalli",India,"Rs 8,033,570,000.0"
upGrad,Edtech,2015,Mumbai,"Mayank Kumar, Phalgun Kompalli, Ravijot Chugh, Ronnie Screwvala",India,"Rs 63,653,530,000.0"
